,time,type,FSR1,FSR2,FSR3,FSR4,FSR5,FSR6,FSR7,FSR8,GravX,GravY,GravZ,GyroX,GyroY,GyroZ,QuatW,QuatX,QuatY,QuatZ,LiAccX,LiAccY,LiAccZ,GyroCal,AccelCal,MagCal
2037,35.019279,t,127.0,185.0,124.0,50.0,143.0,163.0,148.0,105.0,8.65,-4.13,-2.03,51.81,-1.06,-17.31,0.62,-0.2,0.12,0.12,-0.53,1.17,-0.37,68.44,61.94,-116.12
2038,35.039283,t,130.0,191.0,124.0,50.0,144.0,166.0,152.0,106.0,8.68,-4.1,-1.98,27.12,0.44,-21.37,0.62,-0.19,0.12,0.12,-0.28,0.88,-0.81,68.19,62.5,-115.87
2039,35.059288,t,135.0,199.0,120.0,49.0,140.0,163.0,151.0,106.0,8.71,-4.03,-1.97,-1.31,1.12,-24.94,0.62,-0.19,0.12,0.12,-0.25,0.79,-0.81,68.5,62.69,-116.06
2040,35.079293,t,146.0,206.0,123.0,53.0,142.0,164.0,150.0,115.0,8.75,-3.94,-1.99,-22.94,0.81,-26.94,0.62,-0.19,0.11,0.11,-0.46,0.56,-0.46,69.44,63.19,-116.81
2041,35.100297,t,152.0,210.0,122.0,50.0,142.0,159.0,149.0,120.0,8.79,-3.83,-2.03,-33.13,-0.13,-28.37,0.62,-0.19,0.1,0.1,-0.34,-0.16,-0.2,71.31,63.94,-118.56
2042,35.120301,t,150.0,205.0,117.0,50.0,133.0,154.0,145.0,119.0,8.83,-3.72,-2.08,-30.87,-0.56,-29.87,0.62,-0.19,0.09,0.09,-0.25,-0.24,-0.18,71.94,64.19,-119.19
2043,35.140306,t,148.0,207.0,119.0,51.0,127.0,155.0,146.0,120.0,8.87,-3.6,-2.1,-23.5,2.87,-31.37,0.62,-0.18,0.09,0.09,-0.53,-1.32,-0.51,73.75,65.06,-120.69
2044,35.160311,t,146.0,207.0,121.0,50.0,124.0,153.0,148.0,117.0,8.91,-3.5,-2.1,-11.69,8.25,-31.44,0.62,-0.18,0.08,0.08,-0.66,-1.65,-0.44,74.19,65.37,-121.0
2045,35.180316,t,149.0,213.0,126.0,51.0,123.0,155.0,151.0,117.0,8.95,-3.41,-2.07,-0.94,9.38,-27.25,0.62,-0.18,0.08,0.08,-0.7,-2.41,-0.65,75.19,66.19,-121.44
2046,35.199319,t,150.0,219.0,127.0,50.0,123.0,150.0,151.0,119.0,8.98,-3.34,-2.04,5.5,7.94,-22.31,0.62,-0.17,0.08,0.08,-1.38,-2.1,-0.91,75.5,66.62,-121.56
2047,35.219324,t,153.0,218.0,129.0,50.0,124.0,150.0,152.0,122.0,9.01,-3.28,-2.02,0.62,3.62,-17.81,0.62,-0.17,0.08,0.08,-1.03,-1.78,-1.04,75.69,66.75,-121.69
2048,35.239328,t,157.0,219.0,137.0,51.0,130.0,153.0,154.0,131.0,9.03,-3.23,-2.03,-7.44,0.37,-12.06,0.62,-0.17,0.07,0.07,-0.59,-1.98,-1.79,76.37,67.12,-122.37
2049,35.259333,t,166.0,224.0,140.0,50.0,132.0,155.0,164.0,139.0,9.04,-3.19,-2.04,-11.38,-0.88,-8.38,0.62,-0.17,0.07,0.07,-0.83,-2.47,-1.85,76.69,67.19,-122.87
2050,35.280338,t,175.0,229.0,146.0,51.0,134.0,159.0,168.0,146.0,9.03,-3.18,-2.07,-8.75,-8.56,3.75,0.62,-0.17,0.07,0.07,-1.12,-2.89,-1.39,76.62,67.0,-123.19
2051,35.299342,t,175.0,231.0,152.0,51.0,136.0,162.0,167.0,146.0,9.01,-3.23,-2.11,21.69,-16.81,16.06,0.62,-0.17,0.08,0.08,-0.91,-0.9,-0.96,75.75,66.56,-123.12
2052,35.320347,t,162.0,221.0,149.0,50.0,133.0,165.0,160.0,141.0,8.98,-3.29,-2.13,23.12,-10.81,13.38,0.62,-0.17,0.08,0.08,-0.63,-0.29,-0.17,75.06,66.31,-122.75
2053,35.340352,t,166.0,227.0,152.0,52.0,132.0,178.0,162.0,145.0,8.97,-3.31,-2.13,-8.56,-1.37,1.56,0.62,-0.17,0.08,0.08,-1.27,0.58,0.64,75.06,66.19,-122.81
2054,35.359355,t,160.0,203.0,146.0,51.0,122.0,174.0,158.0,136.0,8.97,-3.31,-2.15,-10.5,-1.87,-2.31,0.62,-0.17,0.08,0.08,-1.35,0.46,0.36,75.37,66.25,-123.19
2055,35.379361,t,160.0,191.0,150.0,52.0,121.0,173.0,158.0,134.0,8.98,-3.27,-2.17,-7.94,-3.06,-11.0,0.62,-0.17,0.08,0.08,-1.36,0.69,-0.01,75.81,66.44,-123.75
2056,35.399364,t,157.0,191.0,148.0,50.0,114.0,166.0,153.0,134.0,9.01,-3.18,-2.18,-21.06,5.87,-15.81,0.62,-0.17,0.07,0.07,-2.25,0.12,-0.4,76.62,66.75,-124.37
2057,35.419369,t,166.0,213.0,153.0,50.0,118.0,170.0,154.0,138.0,9.02,-3.15,-2.18,-22.12,5.87,-16.0,0.62,-0.17,0.07,0.07,-2.07,-0.03,-0.5,77.5,67.06,-125.0
2058,35.440374,t,172.0,228.0,157.0,52.0,120.0,170.0,155.0,144.0,9.05,-3.05,-2.18,-16.37,8.25,-17.37,0.62,-0.17,0.06,0.06,-1.36,-1.0,-0.56,78.31,67.44,-125.5
2059,35.460378,t,169.0,227.0,155.0,51.0,124.0,168.0,153.0,145.0,9.07,-3.02,-2.17,-11.38,8.88,-17.81,0.62,-0.17,0.06,0.06,-1.68,-1.03,-0.17,79.0,67.81,-125.87
2060,35.480383,t,170.0,225.0,156.0,52.0,125.0,168.0,153.0,137.0,9.09,-2.96,-2.15,-1.37,6.06,-17.0,0.62,-0.17,0.06,0.06,-2.25,-0.76,-0.2,79.44,68.19,-126.12
2061,35.499387,t,170.0,225.0,156.0,52.0,125.0,168.0,153.0,137.0,9.09,-2.96,-2.15,-1.37,6.06,-17.0,0.62,-0.17,0.06,0.06,-2.25,-0.76,-0.2,79.44,68.19,-126.12
2062,35.519392,t,169.0,222.0,153.0,52.0,121.0,164.0,147.0,129.0,9.13,-2.85,-2.13,-4.62,2.62,-19.06,0.62,-0.17,0.05,0.05,-0.99,-0.02,-0.06,80.37,68.87,-127.19
2063,35.539396,t,168.0,219.0,150.0,56.0,120.0,168.0,152.0,140.0,9.17,-2.73,-2.13,-20.12,6.19,-22.62,0.62,-0.17,0.05,0.05,-0.63,-0.5,0.12,81.25,69.25,-128.0
2064,35.560401,t,163.0,207.0,147.0,56.0,116.0,163.0,146.0,137.0,9.18,-2.68,-2.13,-22.87,7.56,-23.62,0.62,-0.16,0.04,0.04,-2.11,-0.68,0.39,82.31,69.69,-128.94
2065,35.580405,t,164.0,195.0,152.0,58.0,118.0,166.0,148.0,139.0,9.21,-2.59,-2.13,-14.88,5.87,-22.75,0.62,-0.16,0.04,0.04,-2.69,-0.37,0.44,83.25,70.12,-129.81
2066,35.60041,t,159.0,190.0,153.0,57.0,116.0,161.0,148.0,133.0,9.24,-2.47,-2.12,-10.13,4.25,-21.37,0.62,-0.16,0.03,0.03,-2.42,-0.16,-0.4,83.94,70.5,-130.56
2067,35.620414,t,159.0,189.0,155.0,56.0,113.0,154.0,145.0,131.0,9.25,-2.43,-2.12,-12.56,5.44,-21.56,0.63,-0.16,0.03,0.03,-1.88,-0.55,-0.59,84.75,70.94,-131.44
2068,35.640419,t,159.0,189.0,155.0,56.0,113.0,153.0,146.0,130.0,9.29,-2.3,-2.11,-33.19,11.13,-23.56,0.63,-0.16,0.02,0.02,-1.33,-1.88,-0.31,86.0,71.37,-132.5
2069,35.660424,t,160.0,213.0,157.0,56.0,114.0,156.0,142.0,134.0,9.31,-2.25,-2.1,-37.5,16.12,-22.31,0.63,-0.16,0.01,0.01,-0.23,-2.84,-1.21,87.44,71.94,-133.5
2070,35.680428,t,186.0,240.0,173.0,56.0,127.0,183.0,158.0,153.0,9.35,-2.09,-2.06,-45.56,17.62,-24.19,0.63,-0.16,0.01,0.01,4.53,-4.64,-3.75,89.0,72.5,-134.62
2071,35.700432,t,203.0,254.0,191.0,52.0,131.0,202.0,171.0,163.0,9.39,-1.99,-1.99,32.31,15.88,-37.0,0.63,-0.16,0.0,0.0,1.36,-1.53,-3.54,89.56,73.25,-135.0
2072,35.719437,t,229.0,319.0,246.0,51.0,160.0,232.0,188.0,181.0,9.4,-1.94,-1.99,44.19,-32.88,-43.94,0.63,-0.15,0.0,0.0,0.02,2.35,-2.9,89.12,73.56,-137.06
2073,35.740442,t,243.0,368.0,261.0,53.0,170.0,262.0,198.0,195.0,9.39,-1.78,-2.17,-10.38,-43.44,-26.81,0.62,-0.14,0.0,0.0,3.11,-2.13,-3.2,89.62,73.31,-140.69
2074,35.760446,t,253.0,392.0,253.0,51.0,175.0,267.0,200.0,208.0,9.37,-1.76,-2.25,-42.19,-50.94,15.44,0.62,-0.15,0.0,0.0,12.68,-7.73,-3.65,89.94,72.5,-143.0
2075,35.780451,t,255.0,369.0,236.0,58.0,188.0,242.0,166.0,208.0,9.32,-1.81,-2.41,-13.31,-1.12,22.62,0.61,-0.15,-0.0,-0.0,-0.36,-10.26,3.48,90.44,72.0,-143.12
2076,35.800455,t,248.0,373.0,266.0,56.0,175.0,237.0,158.0,201.0,9.29,-1.97,-2.42,136.56,-33.13,21.19,0.61,-0.15,0.01,0.01,-1.54,2.93,-0.28,87.19,71.37,-140.75
2077,35.82046,t,248.0,420.0,299.0,54.0,144.0,228.0,176.0,205.0,9.27,-2.1,-2.38,94.94,-1.37,3.94,0.61,-0.13,0.03,0.03,-0.56,10.7,-2.31,84.12,71.06,-138.62
2078,35.839464,t,247.0,413.0,319.0,55.0,143.0,220.0,177.0,210.0,9.27,-2.11,-2.37,17.25,-9.19,-5.69,0.61,-0.13,0.04,0.04,-0.29,9.6,-2.77,83.25,71.0,-138.25
2079,35.859468,t,246.0,408.0,281.0,55.0,141.0,210.0,167.0,211.0,9.27,-2.01,-2.47,-41.25,-28.69,-32.06,0.61,-0.13,0.03,0.03,2.27,3.04,-4.95,84.31,70.94,-140.81
2080,35.880473,t,250.0,403.0,272.0,58.0,154.0,208.0,160.0,215.0,9.29,-1.81,-2.53,-51.88,-0.75,-52.94,0.61,-0.13,0.02,0.02,2.24,1.85,-0.7,86.56,71.44,-144.44
2081,35.900478,t,242.0,378.0,263.0,58.0,158.0,206.0,153.0,202.0,9.33,-1.62,-2.51,-36.44,19.25,-45.88,0.61,-0.13,0.01,0.01,0.63,-2.52,0.89,88.62,72.19,-147.12
2082,35.919482,t,241.0,365.0,266.0,59.0,163.0,205.0,154.0,203.0,9.37,-1.49,-2.45,-3.0,17.31,-34.5,0.61,-0.12,0.0,0.0,0.1,-3.67,0.77,89.75,72.94,-148.75
2083,35.9395,t,244.0,348.0,277.0,60.0,166.0,204.0,160.0,204.0,9.4,-1.41,-2.4,25.5,12.0,-26.81,0.61,-0.12,0.0,0.0,-0.42,-2.81,0.16,89.87,73.44,-149.5
2084,35.959504,t,238.0,328.0,277.0,58.0,158.0,198.0,167.0,201.0,9.42,-1.35,-2.35,30.44,10.31,-26.19,0.62,-0.11,0.0,0.0,-1.37,-1.32,-0.57,89.69,73.87,-150.06
2085,35.980509,t,242.0,317.0,284.0,59.0,159.0,202.0,174.0,204.0,9.44,-1.29,-2.31,28.37,11.0,-25.94,0.62,-0.1,0.0,0.0,-1.45,-1.12,-1.63,89.5,74.31,-150.69
2086,36.000514,t,239.0,299.0,277.0,59.0,158.0,204.0,172.0,204.0,9.46,-1.23,-2.26,30.56,10.13,-25.0,0.62,-0.1,0.0,0.0,-1.2,-0.7,-1.71,89.25,74.75,-151.31
2087,36.020518,t,234.0,293.0,270.0,58.0,157.0,204.0,169.0,202.0,9.47,-1.17,-2.23,20.5,7.0,-24.81,0.62,-0.09,0.0,0.0,-1.24,-1.77,-1.99,89.31,75.06,-152.25
2088,36.039523,t,246.0,304.0,267.0,61.0,161.0,212.0,171.0,206.0,9.49,-1.1,-2.2,6.31,5.37,-21.69,0.62,-0.09,0.0,0.0,-1.48,-2.99,-1.1,89.5,75.37,-153.37
2089,36.059527,t,246.0,290.0,247.0,58.0,160.0,212.0,160.0,204.0,9.5,-1.04,-2.18,6.31,4.44,-16.81,0.62,-0.08,0.0,0.0,-1.6,-3.41,-0.59,89.75,75.62,-154.37
2090,36.079532,t,246.0,294.0,245.0,59.0,164.0,224.0,157.0,208.0,9.5,-1.01,-2.17,13.06,2.0,-11.19,0.62,-0.08,0.0,0.0,-2.04,-4.21,-1.25,89.75,75.81,-154.94
2091,36.100537,t,242.0,288.0,244.0,58.0,164.0,233.0,155.0,203.0,9.5,-1.01,-2.17,31.81,-1.37,-6.56,0.62,-0.08,0.0,0.0,-2.34,-4.01,-1.86,89.25,75.81,-155.0
2092,36.119541,t,242.0,288.0,244.0,58.0,164.0,233.0,155.0,203.0,9.5,-1.01,-2.17,31.81,-1.37,-6.56,0.62,-0.08,0.0,0.0,-2.34,-4.01,-1.86,89.25,75.81,-155.0
2093,36.140546,t,224.0,278.0,239.0,53.0,162.0,240.0,147.0,187.0,9.49,-1.11,-2.16,66.56,-9.0,5.94,0.62,-0.07,0.02,0.02,-3.28,-3.07,-1.66,86.19,75.56,-152.81
2094,36.15955,t,220.0,283.0,252.0,55.0,169.0,252.0,150.0,190.0,9.48,-1.19,-2.17,58.94,-11.0,11.44,0.62,-0.06,0.03,0.03,-3.98,-2.55,-1.26,84.5,75.31,-151.31
2095,36.180555,t,221.0,285.0,254.0,57.0,167.0,261.0,147.0,189.0,9.46,-1.29,-2.2,38.19,-16.56,28.12,0.62,-0.06,0.04,0.04,-3.78,-2.37,-0.62,82.87,74.81,-149.5
2096,36.200559,t,229.0,261.0,240.0,57.0,158.0,254.0,140.0,188.0,9.43,-1.44,-2.26,20.62,-21.25,44.13,0.62,-0.06,0.05,0.05,-2.45,0.35,0.1,81.44,74.06,-147.31
2097,36.219563,t,226.0,239.0,235.0,56.0,147.0,243.0,139.0,191.0,9.38,-1.62,-2.33,9.69,-25.5,51.69,0.61,-0.07,0.05,0.05,-1.18,1.5,-0.46,80.0,73.06,-145.19
2098,36.239568,t,226.0,239.0,235.0,51.0,153.0,241.0,137.0,191.0,9.33,-1.78,-2.41,-9.31,-21.06,49.5,0.61,-0.07,0.06,0.06,-0.67,1.09,-0.66,79.0,72.12,-143.5
2099,36.260573,t,226.0,255.0,218.0,50.0,160.0,239.0,136.0,182.0,9.29,-1.91,-2.46,-24.81,-10.31,48.0,0.61,-0.08,0.06,0.06,-1.86,-0.4,-0.95,78.5,71.37,-142.12
2100,36.280577,t,225.0,259.0,221.0,54.0,174.0,239.0,146.0,172.0,9.26,-2.05,-2.48,-18.37,2.25,47.0,0.61,-0.09,0.06,0.06,-2.27,-1.18,-1.52,78.19,70.75,-140.5
2101,36.300582,t,198.0,239.0,205.0,46.0,173.0,230.0,145.0,159.0,9.23,-2.19,-2.46,10.31,8.13,43.44,0.61,-0.1,0.07,0.07,-1.86,-1.54,-0.15,77.25,70.31,-138.25
2102,36.319587,t,186.0,231.0,209.0,46.0,179.0,236.0,153.0,166.0,9.2,-2.35,-2.43,35.31,0.25,44.19,0.61,-0.1,0.08,0.08,-1.37,-1.48,-1.56,75.69,69.75,-135.87
2103,36.33959,t,185.0,221.0,213.0,47.0,182.0,240.0,157.0,171.0,9.17,-2.52,-2.37,53.69,6.06,37.19,0.61,-0.1,0.09,0.09,-2.93,-0.61,-2.39,73.69,69.25,-133.25
2104,36.359595,t,181.0,230.0,203.0,49.0,180.0,238.0,155.0,171.0,9.14,-2.66,-2.33,28.81,1.19,35.56,0.61,-0.1,0.1,0.1,-3.03,-0.33,-2.38,72.12,68.75,-131.19
2105,36.3796,t,180.0,231.0,179.0,50.0,185.0,244.0,155.0,162.0,9.1,-2.79,-2.34,-8.25,-5.31,44.19,0.61,-0.11,0.1,0.1,-3.13,-2.23,-1.05,71.25,68.12,-130.0
2106,36.399604,t,170.0,220.0,170.0,49.0,182.0,243.0,150.0,156.0,9.04,-2.93,-2.39,-47.06,0.44,57.94,0.61,-0.12,0.1,0.1,-3.48,-3.76,-2.23,71.19,67.25,-129.19
2107,36.420609,t,147.0,205.0,162.0,49.0,174.0,240.0,150.0,148.0,8.95,-3.13,-2.47,-23.44,-22.87,80.5,0.6,-0.13,0.1,0.1,2.76,-2.63,-1.21,70.31,65.94,-128.19
2108,36.440613,t,144.0,187.0,145.0,50.0,175.0,230.0,149.0,131.0,8.83,-3.39,-2.55,-35.19,-10.56,95.56,0.6,-0.15,0.11,0.11,3.51,-2.11,-1.51,69.0,64.25,-126.87
2109,36.460618,t,134.0,180.0,136.0,52.0,174.0,220.0,145.0,111.0,8.71,-3.66,-2.61,-54.63,2.37,110.0,0.59,-0.16,0.11,0.11,3.66,-4.78,-3.0,68.19,62.63,-125.44
2110,36.480623,t,130.0,185.0,127.0,53.0,179.0,217.0,142.0,97.0,8.51,-3.99,-2.76,-60.06,-34.06,132.44,0.58,-0.2,0.12,0.12,7.13,-5.84,-2.64,66.81,60.25,-124.62
2111,36.500627,t,135.0,180.0,114.0,52.0,177.0,206.0,122.0,94.0,8.26,-4.35,-2.98,-54.25,-54.69,146.81,0.58,-0.21,0.13,0.13,9.44,-1.62,-1.48,64.75,57.38,-124.44
2112,36.520631,t,131.0,153.0,102.0,53.0,182.0,204.0,110.0,96.0,7.98,-4.68,-3.24,-44.63,-69.31,127.75,0.56,-0.23,0.14,0.14,10.68,2.55,-0.58,62.25,54.44,-124.62
2113,36.540636,t,126.0,156.0,91.0,53.0,191.0,206.0,108.0,98.0,7.74,-4.93,-3.44,-46.13,-34.31,108.5,0.55,-0.26,0.15,0.15,7.29,4.24,1.03,60.44,52.13,-124.81
2114,36.559641,t,119.0,157.0,80.0,52.0,202.0,202.0,109.0,98.0,7.6,-5.07,-3.54,-54.06,9.75,63.56,0.55,-0.27,0.15,0.15,-0.18,0.98,1.35,60.13,50.81,-124.87
2115,36.579645,t,118.0,159.0,80.0,52.0,200.0,196.0,110.0,100.0,7.57,-5.13,-3.53,-36.94,33.13,39.25,0.55,-0.28,0.14,0.14,-2.81,0.5,1.45,60.88,50.5,-124.5
2116,36.599649,t,115.0,158.0,75.0,53.0,190.0,189.0,114.0,93.0,7.53,-5.19,-3.5,4.37,5.44,21.69,0.55,-0.28,0.14,0.14,-0.32,-0.46,1.62,60.69,50.19,-124.0
2117,36.619654,t,116.0,159.0,76.0,51.0,185.0,185.0,114.0,92.0,7.52,-5.26,-3.43,53.56,-1.62,4.81,0.55,-0.28,0.15,0.15,1.32,0.44,1.17,59.5,50.06,-123.12
2118,36.639658,t,119.0,160.0,80.0,50.0,183.0,182.0,112.0,93.0,7.53,-5.35,-3.27,88.44,10.38,-7.25,0.56,-0.26,0.16,0.16,1.33,3.08,1.17,57.06,50.38,-120.37
2119,36.659663,t,116.0,160.0,77.0,50.0,173.0,176.0,116.0,92.0,7.59,-5.4,-3.04,91.69,24.87,-19.94,0.56,-0.26,0.17,0.17,0.01,4.63,1.44,56.44,50.69,-119.37
2120,36.679667,t,117.0,173.0,81.0,50.0,166.0,171.0,122.0,92.0,7.67,-5.4,-2.83,61.31,28.37,-34.19,0.57,-0.25,0.17,0.17,-1.78,5.44,0.96,56.06,52.0,-117.19
2121,36.699672,t,110.0,172.0,81.0,48.0,158.0,163.0,126.0,88.0,7.78,-5.31,-2.7,23.31,27.94,-46.75,0.58,-0.24,0.17,0.17,-2.41,4.74,0.36,56.5,52.5,-116.94
2122,36.719676,t,117.0,181.0,85.0,46.0,166.0,166.0,136.0,92.0,7.9,-5.16,-2.64,-11.75,24.0,-53.44,0.58,-0.23,0.16,0.16,-1.96,1.81,-0.34,58.0,53.69,-117.06
2123,36.739681,t,117.0,181.0,85.0,46.0,166.0,166.0,136.0,92.0,7.9,-5.16,-2.64,-11.75,24.0,-53.44,0.58,-0.23,0.16,0.16,-1.96,1.81,-0.34,60.88,55.38,-118.0
2124,36.759686,t,117.0,177.0,79.0,50.0,164.0,159.0,136.0,93.0,8.01,-5.0,-2.61,-25.31,22.75,-49.75,0.59,-0.23,0.15,0.15,-1.18,0.38,0.59,61.94,55.88,-118.5
2125,36.77969,t,96.0,141.0,75.0,49.0,135.0,127.0,114.0,90.0,8.22,-4.64,-2.63,-46.0,23.87,-53.56,0.59,-0.23,0.13,0.13,-1.16,0.4,0.86,65.5,57.63,-120.06
2126,36.799695,t,88.0,147.0,77.0,50.0,124.0,125.0,113.0,90.0,8.35,-4.43,-2.6,-29.0,33.63,-66.62,0.6,-0.22,0.12,0.12,-1.25,1.31,-0.1,66.69,58.38,-120.37
2127,36.819699,t,77.0,157.0,78.0,52.0,119.0,124.0,114.0,92.0,8.49,-4.18,-2.53,-25.31,34.94,-77.62,0.6,-0.21,0.1,0.1,-1.35,0.95,-1.35,69.19,60.0,-121.12
2128,36.839704,t,72.0,179.0,80.0,52.0,115.0,130.0,118.0,95.0,8.63,-3.93,-2.49,-35.06,25.75,-77.69,0.6,-0.21,0.09,0.09,-0.93,-1.81,-1.56,73.12,62.38,-123.19
2129,36.859708,t,70.0,188.0,80.0,51.0,112.0,131.0,119.0,97.0,8.74,-3.68,-2.48,-46.06,21.25,-67.69,0.61,-0.2,0.08,0.08,-0.65,-2.46,-1.68,74.44,63.0,-124.0
2130,36.879713,t,74.0,187.0,81.0,52.0,112.0,132.0,124.0,104.0,8.83,-3.46,-2.48,-45.44,22.31,-55.81,0.61,-0.2,0.06,0.06,-0.99,-4.32,-1.56,78.06,64.75,-126.25
2131,36.899717,t,80.0,177.0,82.0,51.0,110.0,130.0,126.0,106.0,8.91,-3.27,-2.45,-43.25,27.75,-46.63,0.61,-0.2,0.05,0.05,-0.88,-4.91,-1.95,79.12,65.31,-126.75
2132,36.920722,t,82.0,181.0,83.0,52.0,106.0,133.0,135.0,110.0,8.97,-3.12,-2.4,-34.88,30.56,-35.56,0.61,-0.2,0.04,0.04,-0.92,-5.42,-2.47,81.06,66.25,-127.5
2133,36.939726,t,92.0,191.0,84.0,52.0,107.0,129.0,131.0,108.0,9.03,-3.01,-2.34,-26.31,25.37,-28.56,0.62,-0.2,0.04,0.04,-1.85,-4.92,-2.31,83.12,67.37,-128.06
2134,36.960731,t,96.0,198.0,84.0,51.0,106.0,123.0,130.0,105.0,9.07,-2.92,-2.3,-3.87,15.31,-25.31,0.62,-0.2,0.03,0.03,-2.21,-4.27,-1.96,83.44,67.69,-128.19
2135,36.979735,t,104.0,203.0,94.0,51.0,109.0,131.0,137.0,106.0,9.1,-2.85,-2.27,13.81,-5.62,-20.56,0.62,-0.19,0.03,0.03,-2.35,-2.32,-0.18,83.75,68.25,-128.87
2136,36.99974,t,113.0,207.0,105.0,51.0,107.0,137.0,151.0,110.0,9.11,-2.8,-2.28,15.5,-7.0,-16.69,0.62,-0.19,0.03,0.03,-2.0,-2.11,-0.05,83.62,68.37,-129.25
2137,37.020744,t,129.0,204.0,117.0,55.0,102.0,145.0,158.0,113.0,9.11,-2.78,-2.28,18.44,-4.06,-8.38,0.62,-0.18,0.04,0.04,-3.43,-1.34,0.64,83.19,68.44,-129.19
2138,37.039749,t,137.0,185.0,127.0,57.0,104.0,144.0,155.0,114.0,9.12,-2.78,-2.26,40.38,-5.19,-17.87,0.62,-0.18,0.04,0.04,-2.51,3.33,2.32,82.56,68.56,-129.12
2139,37.059754,t,136.0,185.0,131.0,56.0,98.0,151.0,148.0,113.0,9.14,-2.74,-2.25,30.75,-4.62,-26.81,0.62,-0.17,0.04,0.04,-1.58,4.22,2.63,82.69,69.0,-129.81
2140,37.079758,t,143.0,191.0,135.0,58.0,93.0,158.0,146.0,115.0,9.17,-2.62,-2.23,-43.19,17.69,-37.75,0.62,-0.17,0.03,0.03,-1.71,1.08,1.01,84.31,69.75,-131.12
2141,37.099763,t,143.0,191.0,135.0,58.0,93.0,158.0,146.0,115.0,9.17,-2.62,-2.23,-47.38,19.81,-39.31,0.62,-0.17,0.02,0.02,-1.11,-0.47,0.95,86.37,70.62,-132.62
2142,37.120767,t,148.0,178.0,137.0,56.0,98.0,150.0,142.0,123.0,9.27,-2.31,-2.17,-40.0,26.19,-40.25,0.62,-0.17,0.01,0.01,-0.51,-3.9,-2.04,88.25,71.56,-133.81
2143,37.140772,t,172.0,207.0,167.0,58.0,108.0,169.0,160.0,141.0,9.33,-2.14,-2.1,0.5,28.69,-50.13,0.63,-0.17,0.0,0.0,2.37,-3.75,-4.29,89.62,72.69,-134.87
2144,37.159776,t,200.0,242.0,190.0,58.0,120.0,183.0,179.0,168.0,9.38,-1.99,-2.01,28.94,23.12,-48.13,0.63,-0.15,0.0,0.0,3.03,-3.82,-4.09,89.56,73.62,-135.31
2145,37.17978,t,226.0,282.0,223.0,54.0,136.0,218.0,190.0,175.0,9.43,-1.83,-1.93,95.06,-20.0,-51.81,0.63,-0.14,0.01,0.01,-0.32,0.52,-3.66,88.44,74.19,-136.44
2146,37.199785,t,239.0,315.0,246.0,54.0,148.0,231.0,188.0,183.0,9.43,-1.79,-1.98,70.0,-40.5,-41.88,0.63,-0.13,0.01,0.01,-2.09,-0.78,-1.62,87.56,73.94,-139.19
2147,37.219789,t,232.0,286.0,245.0,54.0,146.0,230.0,179.0,179.0,9.41,-1.76,-2.11,26.31,-49.25,-7.62,0.62,-0.13,0.02,0.02,0.26,1.17,-0.43,86.94,73.19,-140.94
2148,37.239794,t,238.0,290.0,237.0,54.0,146.0,261.0,180.0,200.0,9.33,-1.82,-2.38,-60.69,-50.31,28.94,0.61,-0.13,0.01,0.01,11.95,-6.57,-5.79,87.25,72.12,-142.56
2149,37.259799,t,248.0,299.0,222.0,57.0,166.0,253.0,166.0,196.0,9.3,-1.85,-2.47,-94.69,-35.06,43.81,0.61,-0.15,0.01,0.01,6.77,-11.74,-3.25,88.62,71.37,-142.81
2150,37.279803,t,248.0,299.0,222.0,57.0,166.0,253.0,166.0,196.0,9.3,-1.85,-2.47,-94.69,-35.06,43.81,0.61,-0.15,0.01,0.01,6.77,-11.74,-3.25,88.62,71.37,-142.81
2151,37.299808,t,213.0,231.0,237.0,54.0,116.0,187.0,140.0,190.0,9.23,-2.05,-2.57,105.75,-54.31,9.88,0.61,-0.14,0.03,0.03,2.98,6.07,-1.26,84.69,70.0,-140.94
2152,37.319812,t,213.0,234.0,263.0,56.0,108.0,182.0,153.0,211.0,9.2,-2.14,-2.6,68.12,-10.88,-6.94,0.61,-0.13,0.04,0.04,2.05,9.31,-1.45,82.56,69.81,-140.06
2153,37.339831,t,213.0,234.0,263.0,56.0,108.0,182.0,153.0,211.0,9.2,-2.14,-2.6,-16.94,-14.06,-19.56,0.6,-0.13,0.04,0.04,3.02,5.43,-3.04,82.69,69.81,-141.06
2154,37.359836,t,229.0,235.0,233.0,63.0,117.0,175.0,148.0,207.0,9.2,-2.05,-2.67,-51.31,-15.13,-29.37,0.6,-0.13,0.03,0.03,3.11,2.01,-0.43,84.81,70.0,-144.12
2155,37.37984,t,240.0,236.0,230.0,67.0,126.0,181.0,145.0,208.0,9.25,-1.74,-2.71,-57.56,18.44,-49.75,0.6,-0.13,0.01,0.01,0.13,-1.37,1.0,87.5,70.75,-147.19
2156,37.399844,t,235.0,230.0,222.0,70.0,134.0,180.0,138.0,203.0,9.28,-1.64,-2.68,-11.88,28.12,-55.38,0.6,-0.13,0.0,0.0,-1.03,-2.0,0.68,89.31,71.75,-149.56
2157,37.420849,t,226.0,234.0,225.0,71.0,142.0,187.0,143.0,204.0,9.34,-1.46,-2.59,26.44,20.19,-51.13,0.61,-0.12,0.0,0.0,-1.21,-2.63,0.32,89.94,72.69,-151.31
2158,37.439854,t,225.0,238.0,230.0,69.0,144.0,191.0,148.0,201.0,9.39,-1.29,-2.49,41.19,13.44,-40.63,0.61,-0.11,0.0,0.0,-1.54,-3.13,-0.08,89.87,73.31,-152.56
2159,37.459858,t,221.0,239.0,230.0,66.0,146.0,206.0,152.0,191.0,9.4,-1.25,-2.46,54.0,14.69,-30.0,0.61,-0.1,0.0,0.0,-1.96,-3.87,-1.82,89.31,73.87,-153.12
2160,37.479864,t,220.0,260.0,234.0,61.0,151.0,225.0,161.0,186.0,9.44,-1.2,-2.34,67.25,17.75,-21.75,0.62,-0.09,0.01,0.01,-2.68,-3.88,-1.91,88.19,74.37,-152.75
2161,37.499867,t,199.0,245.0,221.0,55.0,145.0,221.0,151.0,172.0,9.45,-1.2,-2.3,61.44,10.69,-15.25,0.62,-0.08,0.02,0.02,-3.7,-3.39,-1.24,87.0,74.75,-152.12
2162,37.519872,t,214.0,260.0,237.0,58.0,154.0,234.0,157.0,181.0,9.47,-1.2,-2.24,50.63,0.44,-11.56,0.62,-0.07,0.02,0.02,-4.0,-2.44,-1.89,85.94,74.94,-151.75
2163,37.539876,t,211.0,255.0,233.0,58.0,148.0,235.0,154.0,182.0,9.46,-1.2,-2.24,30.44,-6.94,-7.87,0.62,-0.07,0.03,0.03,-4.4,-1.65,-1.57,85.19,74.94,-151.81
2164,37.55988,t,215.0,247.0,225.0,60.0,137.0,236.0,149.0,185.0,9.46,-1.2,-2.25,11.13,-11.69,2.94,0.62,-0.06,0.03,0.03,-3.09,-2.17,-0.86,84.75,74.75,-151.94
2165,37.579885,t,215.0,239.0,212.0,62.0,134.0,245.0,142.0,190.0,9.44,-1.24,-2.3,0.81,-7.44,12.0,0.62,-0.07,0.03,0.03,-2.31,-2.72,-1.11,84.44,74.44,-151.5
2166,37.59989,t,207.0,238.0,206.0,58.0,124.0,244.0,135.0,186.0,9.43,-1.3,-2.32,2.56,-6.0,20.44,0.62,-0.07,0.03,0.03,-2.28,-2.55,-0.95,84.06,74.19,-150.56
2167,37.619894,t,203.0,235.0,201.0,54.0,126.0,240.0,136.0,183.0,9.41,-1.41,-2.33,6.37,-3.87,34.56,0.62,-0.07,0.04,0.04,-3.31,-1.95,0.74,83.25,73.81,-148.75
2168,37.639899,t,197.0,227.0,194.0,53.0,125.0,236.0,138.0,181.0,9.39,-1.56,-2.33,11.19,-1.25,46.88,0.62,-0.08,0.04,0.04,-3.38,0.13,-0.49,82.19,73.31,-146.19
2169,37.659903,t,184.0,226.0,191.0,53.0,126.0,226.0,139.0,165.0,9.36,-1.73,-2.33,5.44,-0.31,53.0,0.62,-0.08,0.05,0.05,-2.1,0.33,-0.57,80.94,72.75,-143.25
2170,37.679908,t,179.0,224.0,191.0,52.0,127.0,226.0,141.0,160.0,9.33,-1.91,-2.32,-14.19,5.31,61.06,0.62,-0.09,0.05,0.05,-2.41,-1.72,-0.47,80.06,72.06,-140.44
2171,37.699912,t,171.0,216.0,186.0,51.0,127.0,219.0,140.0,154.0,9.28,-2.11,-2.32,6.56,-1.44,61.63,0.61,-0.1,0.06,0.06,-0.94,-0.94,-1.78,78.87,71.25,-137.62
2172,37.719916,t,170.0,220.0,191.0,51.0,133.0,227.0,139.0,156.0,9.24,-2.29,-2.31,-1.62,3.62,51.44,0.61,-0.11,0.07,0.07,-2.43,-0.73,-1.95,77.75,70.56,-135.25
2173,37.739921,t,162.0,216.0,179.0,49.0,138.0,233.0,138.0,152.0,9.21,-2.44,-2.28,-10.38,14.0,51.06,0.62,-0.11,0.07,0.07,-2.47,-0.37,-0.68,77.0,70.0,-133.0
2174,37.759926,t,153.0,216.0,163.0,50.0,146.0,240.0,142.0,137.0,9.17,-2.61,-2.26,-40.06,14.94,66.06,0.62,-0.13,0.07,0.07,-3.46,-3.51,-1.24,76.75,69.31,-130.94
2175,37.77993,t,153.0,216.0,163.0,50.0,146.0,240.0,142.0,137.0,9.1,-2.83,-2.27,-48.88,8.19,87.0,0.62,-0.14,0.07,0.07,-0.86,-5.8,-3.12,76.37,68.25,-128.81
2176,37.799935,t,123.0,178.0,144.0,48.0,132.0,216.0,127.0,107.0,9.0,-3.12,-2.3,-26.37,1.12,104.94,0.61,-0.16,0.08,0.08,1.78,-2.78,-0.44,75.06,66.62,-126.31
2177,37.819939,t,119.0,170.0,140.0,50.0,130.0,208.0,126.0,95.0,8.88,-3.43,-2.33,-41.63,4.94,113.06,0.61,-0.18,0.09,0.09,2.75,-3.79,-2.54,73.81,64.87,-124.19
2178,37.839944,t,112.0,168.0,122.0,52.0,131.0,191.0,117.0,87.0,8.73,-3.77,-2.38,-50.19,-1.06,128.31,0.61,-0.2,0.09,0.09,4.07,-5.94,-3.23,72.5,62.88,-122.31
2179,37.859948,t,112.0,158.0,104.0,52.0,133.0,188.0,107.0,76.0,8.51,-4.15,-2.51,-38.94,-30.81,144.19,0.6,-0.22,0.1,0.1,5.96,-4.18,-2.71,70.5,60.25,-121.12
2180,37.879954,t,112.0,158.0,104.0,52.0,133.0,188.0,107.0,76.0,8.51,-4.55,-2.7,-18.31,-58.25,141.44,0.59,-0.24,0.12,0.12,10.03,0.11,-2.71,67.5,57.31,-120.69
2181,37.899957,t,98.0,136.0,77.0,52.0,155.0,206.0,96.0,82.0,8.0,-4.86,-2.89,-26.44,-52.63,111.12,0.58,-0.26,0.13,0.13,10.87,4.49,-2.26,64.87,54.69,-120.69
2182,37.919962,t,98.0,136.0,77.0,52.0,155.0,206.0,96.0,82.0,8.0,-4.86,-2.89,-26.44,-52.63,111.12,0.58,-0.26,0.13,0.13,10.87,4.49,-2.26,64.87,53.0,-121.0
2183,37.939967,t,108.0,146.0,78.0,54.0,169.0,214.0,99.0,83.0,7.83,-5.05,-3.04,-48.06,-22.62,75.19,0.57,-0.27,0.13,0.13,7.87,5.53,-0.9,63.88,53.0,-121.0
2184,37.959972,t,102.0,149.0,73.0,50.0,169.0,191.0,99.0,89.0,7.71,-5.15,-3.17,4.5,-12.38,18.75,0.57,-0.29,0.13,0.13,-0.82,1.51,1.88,63.75,51.81,-121.62
2185,37.979976,t,102.0,149.0,73.0,50.0,169.0,191.0,99.0,89.0,7.71,-5.15,-3.17,4.5,-12.38,18.75,0.57,-0.29,0.14,0.14,-1.48,-0.55,1.78,62.75,51.5,-121.44
2186,37.99998,t,100.0,150.0,75.0,49.0,169.0,182.0,105.0,89.0,7.67,-5.23,-3.13,68.31,-17.31,-15.25,0.57,-0.28,0.14,0.14,-1.0,0.43,1.83,61.25,51.5,-120.81
2187,38.019985,t,104.0,156.0,74.0,50.0,163.0,179.0,109.0,91.0,7.72,-5.25,-2.99,90.62,-1.44,-32.63,0.57,-0.27,0.15,0.15,-1.3,3.75,2.46,59.81,51.88,-119.62
2188,38.039989,t,106.0,152.0,72.0,50.0,161.0,169.0,110.0,90.0,7.81,-5.22,-2.79,98.44,9.31,-51.44,0.58,-0.25,0.16,0.16,-1.85,5.77,2.63,58.69,52.75,-118.12
2189,38.059994,t,100.0,160.0,76.0,50.0,155.0,158.0,111.0,76.0,7.94,-5.13,-2.6,78.12,17.94,-69.06,0.58,-0.23,0.17,0.17,-2.59,6.76,1.85,58.31,54.06,-116.87
2190,38.078998,t,100.0,160.0,76.0,50.0,155.0,158.0,111.0,76.0,7.94,-5.13,-2.6,78.12,17.94,-69.06,0.58,-0.23,0.17,0.17,-2.59,6.76,1.85,58.31,54.06,-116.87
2191,38.099002,t,104.0,154.0,74.0,51.0,137.0,144.0,104.0,70.0,8.26,-4.73,-2.32,38.75,16.81,-89.25,0.6,-0.2,0.16,0.16,-2.62,3.7,0.99,60.06,57.44,-116.06
2192,38.120007,t,88.0,148.0,67.0,52.0,133.0,135.0,106.0,86.0,8.41,-4.47,-2.3,-36.94,14.38,-86.06,0.6,-0.19,0.14,0.14,-0.3,2.86,-1.12,62.25,59.06,-117.25
2193,38.140012,t,69.0,157.0,72.0,51.0,121.0,121.0,108.0,85.0,8.56,-4.18,-2.28,-40.25,35.44,-87.56,0.6,-0.19,0.13,0.13,0.26,0.43,-0.03,65.37,60.88,-118.62
2194,38.160016,t,62.0,166.0,77.0,51.0,114.0,115.0,111.0,93.0,8.71,-3.91,-2.2,0.56,28.5,-92.12,0.61,-0.18,0.12,0.12,-0.42,0.56,-0.46,67.69,62.75,-119.37
2195,38.17902,t,62.0,174.0,80.0,52.0,105.0,126.0,114.0,99.0,8.85,-3.61,-2.14,1.87,16.69,-97.94,0.62,-0.16,0.1,0.1,-1.33,-1.89,-0.26,69.69,64.56,-120.56
2196,38.199025,t,61.0,190.0,81.0,52.0,98.0,134.0,119.0,103.0,8.97,-3.31,-2.14,-30.31,7.06,-90.44,0.62,-0.15,0.1,0.1,-0.15,-3.28,-1.09,72.12,66.25,-122.81
2197,38.21903,t,61.0,199.0,86.0,52.0,94.0,137.0,129.0,104.0,9.07,-3.03,-2.12,-27.56,19.94,-80.44,0.62,-0.14,0.08,0.08,-0.71,-5.58,-1.87,74.56,67.75,-124.94
2198,38.239034,t,69.0,207.0,98.0,52.0,86.0,135.0,133.0,108.0,9.16,-2.8,-2.05,-4.44,24.87,-67.0,0.62,-0.14,0.07,0.07,-2.32,-5.21,-1.34,76.37,69.19,-126.25
2199,38.259038,t,76.0,205.0,101.0,52.0,85.0,135.0,136.0,110.0,9.23,-2.64,-1.98,-9.88,23.44,-44.13,0.63,-0.13,0.07,0.07,-2.43,-4.35,-0.85,77.69,70.25,-126.87
2200,38.280044,t,76.0,205.0,101.0,52.0,85.0,135.0,136.0,110.0,9.23,-2.64,-1.98,-9.88,23.44,-44.13,0.63,-0.13,0.06,0.06,-3.03,-2.69,-1.5,79.06,70.94,-127.62
2201,38.299048,t,98.0,213.0,105.0,50.0,93.0,127.0,127.0,107.0,9.28,-2.45,-1.96,-55.25,9.13,-10.75,0.63,-0.14,0.05,0.05,-2.88,-1.92,-1.98,80.62,71.25,-128.62
2202,38.319052,t,111.0,230.0,114.0,51.0,100.0,134.0,134.0,113.0,9.29,-2.39,-1.99,-57.31,6.06,-7.0,0.63,-0.14,0.04,0.04,-3.0,-2.53,-0.61,82.19,71.44,-129.69
2203,38.340057,t,124.0,234.0,118.0,51.0,103.0,141.0,134.0,112.0,9.3,-2.34,-2.01,-48.56,4.12,-3.25,0.63,-0.15,0.04,0.04,-2.87,-2.64,0.0,83.5,71.56,-130.69
2204,38.360061,t,124.0,234.0,118.0,51.0,103.0,141.0,134.0,112.0,9.3,-2.34,-2.01,-48.56,4.12,-3.25,0.63,-0.15,0.03,0.03,-2.19,-1.7,1.1,84.37,71.62,-131.56
2205,38.379066,t,131.0,190.0,123.0,56.0,92.0,142.0,136.0,109.0,9.3,-2.27,-2.08,4.5,-10.38,-10.25,0.63,-0.15,0.03,0.03,-1.11,0.42,1.6,84.62,71.62,-132.37
2206,38.39907,t,138.0,176.0,133.0,56.0,90.0,154.0,144.0,114.0,9.32,-2.21,-2.09,-11.94,1.25,-25.31,0.63,-0.15,0.03,0.03,0.95,1.5,-1.04,85.06,71.87,-133.37
2207,38.419075,t,170.0,203.0,169.0,56.0,91.0,183.0,168.0,143.0,9.36,-2.06,-2.04,-21.06,23.37,-44.88,0.63,-0.14,0.02,0.02,0.38,-2.47,-2.73,86.69,72.75,-134.75
2208,38.440079,t,200.0,220.0,179.0,58.0,101.0,175.0,173.0,172.0,9.39,-1.94,-2.02,54.25,-11.69,-43.06,0.63,-0.13,0.02,0.02,3.97,-4.1,0.63,86.62,73.37,-136.12
2209,38.460084,t,221.0,218.0,208.0,57.0,118.0,185.0,172.0,183.0,9.4,-1.86,-2.05,70.37,-26.37,-37.81,0.63,-0.12,0.03,0.03,-0.54,-4.38,-1.23,85.69,73.5,-137.81
2210,38.480089,t,221.0,218.0,208.0,57.0,118.0,210.0,162.0,184.0,9.38,-1.81,-2.16,47.38,-49.69,-22.81,0.62,-0.11,0.03,0.03,-1.16,0.06,-4.91,84.44,73.0,-140.87
2211,38.500093,t,230.0,278.0,230.0,56.0,130.0,221.0,161.0,181.0,9.37,-1.79,-2.24,13.63,-17.75,-7.19,0.62,-0.11,0.03,0.03,-1.57,1.64,-2.5,84.31,72.94,-141.31
2212,38.520097,t,232.0,279.0,261.0,55.0,135.0,240.0,179.0,196.0,9.35,-1.81,-2.3,52.19,-37.81,-7.25,0.61,-0.1,0.04,0.04,0.52,2.54,-0.95,82.75,72.12,-142.75
2213,38.539102,t,225.0,263.0,220.0,50.0,131.0,235.0,169.0,199.0,9.3,-1.83,-2.49,-22.06,-61.56,19.75,0.61,-0.1,0.04,0.04,14.87,-17.83,-5.88,82.69,71.56,-143.62
2214,38.56012,t,249.0,252.0,223.0,60.0,148.0,233.0,140.0,199.0,9.28,-1.82,-2.57,-4.06,-14.44,-9.13,0.6,-0.1,0.04,0.04,-1.98,-13.14,-1.82,83.12,71.19,-144.62
2215,38.580124,t,221.0,222.0,227.0,60.0,129.0,206.0,121.0,191.0,9.23,-1.84,-2.72,98.62,-71.44,-15.69,0.6,-0.09,0.05,0.05,4.46,5.29,2.14,80.0,70.12,-145.87
2216,38.599129,t,215.0,211.0,226.0,56.0,106.0,177.0,138.0,194.0,9.22,-1.87,-2.73,83.12,-8.13,-15.25,0.6,-0.08,0.06,0.06,0.99,6.56,2.42,79.06,70.19,-145.5
2217,38.619133,t,227.0,221.0,250.0,58.0,100.0,184.0,160.0,212.0,9.23,-1.9,-2.68,61.5,8.75,-14.38,0.6,-0.07,0.07,0.07,2.6,8.28,-2.17,77.37,70.62,-144.37
2218,38.639138,t,226.0,229.0,243.0,59.0,102.0,181.0,159.0,211.0,9.27,-1.84,-2.6,-10.25,22.44,-21.12,0.6,-0.07,0.06,0.06,2.12,4.83,-3.4,77.81,70.94,-144.62
2219,38.660143,t,227.0,232.0,233.0,61.0,112.0,185.0,156.0,212.0,9.3,-1.7,-2.57,-55.44,17.94,-35.56,0.61,-0.07,0.05,0.05,-0.54,-1.31,-2.44,79.75,71.62,-146.5
2220,38.680147,t,227.0,226.0,221.0,61.0,120.0,194.0,153.0,201.0,9.34,-1.51,-2.55,-32.88,11.75,-49.19,0.61,-0.07,0.04,0.04,-2.24,-2.29,-0.62,82.5,72.62,-150.62
2221,38.700152,t,213.0,217.0,215.0,60.0,123.0,204.0,156.0,188.0,9.37,-1.35,-2.54,-7.62,0.94,-45.31,0.61,-0.06,0.03,0.03,-1.96,-3.01,-0.65,83.06,72.87,-151.94
2222,38.720157,t,213.0,232.0,209.0,60.0,133.0,217.0,159.0,178.0,9.38,-1.24,-2.56,8.81,-6.06,-32.75,0.61,-0.06,0.03,0.03,-2.55,-5.64,-0.62,83.62,73.12,-154.75
2223,38.740161,t,204.0,238.0,201.0,56.0,131.0,230.0,152.0,168.0,9.38,-1.18,-2.57,19.31,-4.12,-18.0,0.61,-0.05,0.03,0.03,-3.07,-5.11,-0.36,83.56,73.19,-155.19
2224,38.760165,t,198.0,245.0,198.0,57.0,138.0,244.0,148.0,161.0,9.39,-1.18,-2.56,15.5,1.94,-2.0,0.61,-0.05,0.04,0.04,-4.07,-3.68,-0.02,83.06,73.25,-154.81
2225,38.77917,t,198.0,245.0,198.0,57.0,138.0,240.0,148.0,155.0,9.39,-1.22,-2.54,0.0,6.69,18.37,0.61,-0.06,0.04,0.04,-4.7,-2.3,1.44,82.75,73.19,-153.31
2226,38.799174,t,182.0,214.0,195.0,50.0,129.0,227.0,142.0,154.0,9.38,-1.32,-2.52,-7.81,8.44,33.69,0.61,-0.06,0.04,0.04,-4.38,-2.25,0.75,82.5,73.12,-152.31
2227,38.819178,t,182.0,214.0,199.0,51.0,127.0,222.0,150.0,161.0,9.37,-1.42,-2.49,-28.37,13.38,36.5,0.61,-0.07,0.04,0.04,-3.51,-3.06,-2.08,82.25,72.87,-149.19
2228,38.840183,t,171.0,206.0,179.0,52.0,130.0,222.0,151.0,157.0,9.36,-1.52,-2.46,-28.81,13.38,37.94,0.61,-0.08,0.04,0.04,-3.69,-3.71,-2.61,82.25,72.81,-148.25
2229,38.860188,t,174.0,211.0,165.0,53.0,135.0,232.0,148.0,154.0,9.34,-1.63,-2.46,-36.56,-1.37,45.38,0.61,-0.09,0.04,0.04,-4.01,-5.67,-0.5,82.12,72.06,-145.62
2230,38.880192,t,174.0,211.0,165.0,53.0,135.0,232.0,148.0,154.0,9.34,-1.63,-2.51,23.31,-18.69,60.13,0.61,-0.1,0.05,0.05,-2.55,1.67,1.37,80.62,71.12,-143.12
2231,38.899197,t,145.0,205.0,160.0,52.0,116.0,206.0,134.0,127.0,9.25,-2.01,-2.55,34.06,-16.44,62.13,0.6,-0.1,0.06,0.06,-1.44,2.83,1.33,78.44,70.12,-140.31
2232,38.919201,t,145.0,205.0,160.0,52.0,116.0,206.0,134.0,127.0,9.25,-2.23,-2.56,-8.63,18.44,54.81,0.6,-0.11,0.07,0.07,-3.41,-0.19,-1.28,77.0,69.44,-137.5
2233,38.940206,t,130.0,162.0,161.0,50.0,126.0,209.0,145.0,114.0,9.16,-2.41,-2.5,-16.12,22.94,61.94,0.61,-0.12,0.07,0.07,-3.45,-1.71,-2.95,76.19,68.81,-134.44
2234,38.96021,t,122.0,174.0,155.0,50.0,126.0,211.0,147.0,108.0,9.12,-2.63,-2.44,-13.25,22.06,72.87,0.61,-0.13,0.08,0.08,2.31,-5.34,-1.21,75.12,67.94,-131.5
2235,38.980215,t,122.0,174.0,155.0,50.0,126.0,211.0,147.0,108.0,9.12,-2.63,-2.45,-67.69,14.81,97.44,0.61,-0.15,0.08,0.08,1.13,-5.1,-0.99,74.75,66.62,-129.44
2236,39.000219,t,122.0,166.0,123.0,49.0,131.0,207.0,134.0,90.0,8.94,-3.14,-2.48,-64.37,10.69,112.62,0.6,-0.17,0.08,0.08,3.33,-4.92,-2.17,74.19,65.0,-127.25
2237,39.020224,t,122.0,166.0,123.0,49.0,131.0,207.0,117.0,84.0,8.72,-3.65,-2.58,-55.56,-5.31,143.5,0.6,-0.19,0.09,0.09,4.7,-5.83,-2.24,72.87,62.81,-125.25
2238,39.040228,t,94.0,135.0,76.0,47.0,126.0,162.0,95.0,71.0,8.62,-3.86,-2.63,-48.25,-14.44,154.62,0.59,-0.22,0.1,0.1,5.82,-0.97,-0.92,70.62,60.06,-123.5
2239,39.059233,t,82.0,120.0,69.0,53.0,138.0,171.0,100.0,74.0,8.36,-4.29,-2.77,-34.56,-40.25,167.37,0.58,-0.24,0.12,0.12,9.32,3.15,-0.38,67.62,56.94,-122.31
2240,39.079237,t,82.0,120.0,69.0,53.0,138.0,171.0,100.0,74.0,8.36,-4.29,-2.77,-34.56,-50.63,142.87,0.57,-0.27,0.12,0.12,13.91,5.34,-0.47,65.37,53.88,-122.31
2241,39.099242,t,93.0,124.0,74.0,53.0,157.0,183.0,97.0,84.0,7.81,-4.96,-3.22,-101.12,-39.75,106.5,0.56,-0.29,0.12,0.12,3.93,2.77,-0.24,65.69,52.13,-123.56
2242,39.119246,t,93.0,124.0,74.0,53.0,157.0,183.0,97.0,84.0,7.81,-4.96,-3.22,-101.12,-39.75,106.5,0.56,-0.29,0.12,0.12,3.93,1.11,0.68,67.12,51.31,-124.75
2243,39.139251,t,104.0,140.0,79.0,52.0,173.0,184.0,97.0,83.0,7.63,-5.02,-3.55,-79.37,4.0,29.75,0.55,-0.32,0.11,0.11,-0.45,-0.41,2.46,68.31,51.0,-125.56
2244,39.159255,t,106.0,154.0,79.0,50.0,166.0,174.0,97.0,72.0,7.62,-5.01,-3.58,29.31,12.5,-0.94,0.56,-0.32,0.11,0.11,-1.22,-0.72,3.01,68.25,51.06,-125.12
2245,39.17926,t,106.0,154.0,79.0,50.0,166.0,174.0,97.0,72.0,7.62,-5.01,-3.58,29.31,23.37,-26.87,0.56,-0.31,0.12,0.12,-1.81,3.02,3.06,66.81,51.63,-123.19
2246,39.199264,t,86.0,188.0,82.0,50.0,153.0,163.0,101.0,67.0,7.74,-5.1,-3.17,130.5,39.81,-53.31,0.58,-0.29,0.13,0.13,-2.78,6.15,1.7,65.31,52.81,-120.5
2247,39.219269,t,86.0,188.0,82.0,50.0,153.0,163.0,101.0,67.0,7.74,-5.1,-3.17,130.5,39.81,-53.31,0.58,-0.29,0.13,0.13,-2.78,6.15,0.94,64.81,54.31,-118.62
2248,39.240274,t,116.0,156.0,67.0,51.0,142.0,160.0,100.0,70.0,8.04,-4.93,-2.65,78.12,18.0,-83.94,0.59,-0.25,0.13,0.13,-1.19,7.1,0.31,65.44,56.0,-118.06
2249,39.259278,t,116.0,156.0,67.0,51.0,142.0,160.0,100.0,70.0,8.04,-4.93,-2.65,78.12,18.0,-83.94,0.59,-0.25,0.13,0.13,-1.19,7.1,0.31,65.44,56.0,-118.06
2250,39.279283,t,96.0,182.0,68.0,52.0,137.0,143.0,96.0,70.0,8.32,-4.54,-2.48,2.69,33.13,-109.87,0.6,-0.24,0.12,0.12,-1.25,5.19,1.58,67.62,58.06,-118.56
2251,39.299287,t,67.0,217.0,62.0,50.0,111.0,125.0,100.0,88.0,8.65,-4.0,-2.29,-40.81,43.75,-121.69,0.61,-0.21,0.08,0.08,-3.7,-0.99,-0.74,74.25,63.13,-120.62
2252,39.320292,t,67.0,217.0,62.0,50.0,111.0,125.0,100.0,88.0,8.65,-4.0,-2.29,-40.81,43.75,-121.69,0.61,-0.21,0.08,0.08,-3.7,-0.99,-0.74,78.12,65.37,-122.94
2253,39.340297,t,62.0,204.0,78.0,51.0,94.0,127.0,118.0,104.0,8.98,-3.25,-2.19,-40.69,47.44,-86.69,0.62,-0.2,0.05,0.05,-3.09,-7.71,-0.12,81.44,67.31,-124.56
2254,39.359301,t,62.0,204.0,78.0,51.0,94.0,127.0,118.0,104.0,9.16,-2.84,-2.02,18.06,28.31,-82.81,0.63,-0.19,0.04,0.04,-4.35,-7.79,-3.2,83.31,69.06,-125.44
2255,39.379305,t,62.0,205.0,86.0,52.0,86.0,133.0,133.0,109.0,9.16,-2.84,-2.02,18.06,28.31,-82.81,0.63,-0.19,0.04,0.04,-4.35,-7.79,-3.2,83.31,69.06,-125.44
2256,39.39931,t,60.0,220.0,94.0,50.0,87.0,129.0,126.0,109.0,9.28,-2.54,-1.88,66.62,8.13,-55.69,0.64,-0.15,0.04,0.04,-4.81,-5.74,-1.29,83.19,71.62,-126.56
2257,39.419315,t,60.0,220.0,94.0,50.0,87.0,129.0,126.0,109.0,9.28,-2.54,-1.88,66.62,8.13,-55.69,0.64,-0.15,0.04,0.04,-4.81,-5.74,-1.29,82.5,72.31,-126.81
2258,39.439319,t,144.0,294.0,124.0,55.0,102.0,165.0,140.0,122.0,9.36,-2.29,-1.79,67.56,-24.44,-41.69,0.64,-0.13,0.05,0.05,-1.34,3.71,-3.69,81.56,72.69,-128.0
2259,39.460324,t,144.0,294.0,124.0,55.0,102.0,165.0,140.0,122.0,9.36,-2.29,-1.79,67.56,-24.44,-41.69,0.64,-0.13,0.05,0.05,-1.34,3.71,-3.69,81.56,72.69,-128.0
2260,39.480328,t,201.0,356.0,166.0,55.0,108.0,224.0,176.0,179.0,9.4,-2.1,-1.82,-0.37,12.06,-25.87,0.64,-0.11,0.05,0.05,3.52,-2.58,-0.29,80.44,73.44,-130.94
2261,39.500333,t,217.0,378.0,197.0,53.0,101.0,224.0,176.0,179.0,9.4,-2.1,-1.82,-100.62,-0.81,-7.75,0.64,-0.11,0.04,0.04,-3.85,-10.1,-6.27,82.81,73.75,-132.56
2262,39.520337,t,231.0,354.0,218.0,55.0,116.0,238.0,170.0,187.0,9.41,-2.01,-1.84,-100.62,-0.81,-7.75,0.64,-0.11,0.04,0.04,-3.85,-10.1,-6.27,82.81,73.75,-132.56
2263,39.540342,t,228.0,293.0,227.0,51.0,107.0,235.0,167.0,190.0,9.34,-2.02,-2.17,62.88,-69.87,-0.06,0.62,-0.11,0.05,0.05,8.57,-0.17,0.85,81.62,72.37,-137.06
2264,39.559346,t,228.0,293.0,227.0,51.0,107.0,235.0,167.0,190.0,9.34,-2.02,-2.17,62.88,-69.87,-0.06,0.62,-0.11,0.05,0.05,6.41,-7.35,-4.67,80.56,71.5,-138.0
2265,39.580351,t,235.0,275.0,226.0,55.0,124.0,235.0,152.0,195.0,9.27,-2.11,-2.36,53.31,-28.87,-5.0,0.61,-0.1,0.06,0.06,0.53,-2.38,-2.93,79.44,71.12,-138.06
2266,39.600355,t,222.0,294.0,219.0,55.0,122.0,210.0,147.0,172.0,9.24,-2.14,-2.48,76.19,-57.25,-12.94,0.61,-0.09,0.07,0.07,1.63,1.37,0.93,77.44,70.44,-139.19
2267,39.61936,t,222.0,294.0,219.0,55.0,122.0,210.0,147.0,172.0,9.24,-2.14,-2.48,76.19,-57.25,-12.94,0.61,-0.09,0.07,0.07,1.63,1.37,0.93,77.44,70.44,-139.19
2268,39.639364,t,200.0,216.0,207.0,55.0,104.0,177.0,153.0,167.0,9.19,-2.23,-2.58,50.75,-17.25,11.19,0.6,-0.08,0.08,0.08,2.82,4.4,-1.88,74.87,69.56,-139.06
2269,39.659368,t,200.0,216.0,207.0,55.0,104.0,177.0,153.0,167.0,9.19,-2.23,-2.58,50.75,-17.25,11.19,0.6,-0.08,0.08,0.08,2.82,4.4,-1.88,74.87,69.56,-138.44
2270,39.679373,t,174.0,213.0,180.0,48.0,110.0,168.0,141.0,150.0,9.19,-2.24,-2.58,-52.94,11.25,-4.87,0.6,-0.08,0.08,0.08,-0.04,-2.21,-2.17,74.81,69.56,-139.0
2271,39.700378,t,183.0,225.0,156.0,53.0,130.0,190.0,127.0,142.0,9.2,-2.16,-2.59,-87.56,17.25,-0.75,0.6,-0.09,0.07,0.07,-4.22,-4.69,0.98,77.0,69.81,-140.12
2272,39.720382,t,183.0,225.0,156.0,53.0,130.0,190.0,127.0,142.0,9.2,-2.16,-2.59,-87.56,17.25,-0.75,0.6,-0.09,0.07,0.07,-4.22,-4.69,0.98,77.0,69.81,-140.94
2273,39.740387,t,147.0,170.0,125.0,47.0,109.0,182.0,98.0,125.0,9.18,-2.18,-2.66,-11.5,-7.62,24.5,0.6,-0.11,0.06,0.06,-3.13,2.71,1.0,78.62,69.44,-140.69
2274,39.759391,t,147.0,170.0,125.0,47.0,109.0,182.0,98.0,125.0,9.18,-2.18,-2.66,-11.5,-7.62,24.5,0.6,-0.11,0.06,0.06,-3.13,2.24,-0.35,78.12,69.19,-139.5
2275,39.779396,t,138.0,171.0,145.0,50.0,118.0,208.0,118.0,124.0,9.17,-2.3,-2.57,-0.62,25.12,11.94,0.6,-0.11,0.06,0.06,-6.12,-1.2,-0.81,77.94,69.31,-138.12
2276,39.800401,t,136.0,188.0,144.0,54.0,138.0,211.0,129.0,116.0,9.18,-2.31,-2.52,-23.94,16.12,7.94,0.61,-0.12,0.06,0.06,-6.17,-4.26,0.01,78.37,69.5,-137.37
2277,39.819405,t,136.0,188.0,144.0,54.0,138.0,211.0,129.0,116.0,9.18,-2.31,-2.52,-23.94,16.12,7.94,0.61,-0.12,0.06,0.06,-6.17,-4.92,-0.67,78.81,69.44,-137.31
2278,39.840409,t,148.0,194.0,144.0,53.0,124.0,226.0,127.0,116.0,9.16,-2.4,-2.52,12.19,0.69,23.37,0.61,-0.12,0.06,0.06,-3.31,-1.76,-0.66,78.25,69.12,-136.44
2279,39.859414,t,148.0,194.0,144.0,53.0,124.0,226.0,127.0,116.0,9.16,-2.4,-2.52,12.19,0.69,23.37,0.61,-0.12,0.06,0.06,-3.31,-1.76,-0.66,78.25,68.75,-134.31
2280,39.879419,t,134.0,194.0,153.0,52.0,118.0,229.0,141.0,113.0,9.12,-2.69,-2.37,25.5,27.62,41.94,0.61,-0.13,0.08,0.08,-3.21,-3.97,-1.84,75.69,68.5,-131.37
2281,39.900423,t,131.0,195.0,144.0,50.0,123.0,235.0,139.0,109.0,9.09,-2.84,-2.3,16.44,10.63,46.56,0.61,-0.13,0.08,0.08,-4.56,-1.73,-1.26,74.5,68.06,-128.94
2282,39.920428,t,131.0,195.0,144.0,50.0,123.0,235.0,139.0,109.0,9.09,-2.84,-2.3,16.44,10.63,46.56,0.61,-0.13,0.08,0.08,-0.58,-2.54,-1.36,73.5,66.94,-127.25
2283,39.940432,t,129.0,195.0,140.0,50.0,124.0,239.0,139.0,104.0,9.02,-3.04,-2.32,-28.31,-4.81,78.75,0.61,-0.14,0.09,0.09,-0.58,-2.54,-1.36,73.5,66.94,-127.25
2284,39.960437,t,105.0,156.0,114.0,40.0,106.0,200.0,118.0,80.0,8.89,-3.34,-2.41,-48.88,-13.69,116.81,0.61,-0.16,0.09,0.09,4.3,-4.79,-2.97,71.06,63.0,-123.81
2285,39.980442,t,96.0,146.0,88.0,53.0,122.0,195.0,107.0,73.0,8.55,-4.06,-2.53,-48.0,-5.19,144.69,0.6,-0.21,0.11,0.11,5.31,-5.76,-3.2,69.44,60.69,-121.87
2286,39.999445,t,87.0,118.0,70.0,53.0,120.0,174.0,94.0,71.0,8.29,-4.49,-2.66,-45.56,-24.06,166.37,0.59,-0.23,0.12,0.12,6.87,-2.2,0.37,67.12,57.75,-120.69
2287,40.01945,t,87.0,118.0,70.0,53.0,120.0,174.0,94.0,71.0,8.29,-4.49,-2.66,-45.56,-24.06,166.37,0.59,-0.23,0.12,0.12,10.59,4.31,0.56,64.06,54.44,-120.0
2288,40.039454,t,85.0,101.0,72.0,53.0,121.0,157.0,84.0,75.0,7.69,-5.23,-3.07,-45.75,-49.44,111.62,0.57,-0.28,0.14,0.14,9.92,9.95,-0.6,61.5,51.69,-120.44
2289,40.059459,t,85.0,101.0,72.0,53.0,121.0,157.0,84.0,75.0,7.69,-5.23,-3.07,-45.75,-49.44,111.62,0.56,-0.3,0.13,0.13,5.63,7.15,-2.08,62.0,50.5,-121.44
2290,40.079464,t,87.0,109.0,78.0,54.0,134.0,162.0,90.0,85.0,7.56,-5.31,-3.25,-98.31,-1.06,52.25,0.56,-0.3,0.13,0.13,1.58,2.76,-0.26,64.19,50.25,-123.06
2291,40.099468,t,88.0,130.0,71.0,53.0,146.0,168.0,99.0,71.0,7.55,-5.19,-3.47,-37.06,15.31,-0.94,0.56,-0.31,0.12,0.12,-0.95,1.09,1.9,65.69,50.38,-123.75
2292,40.119473,t,88.0,130.0,71.0,53.0,146.0,168.0,99.0,71.0,7.55,-5.19,-3.47,-37.06,15.31,-0.94,0.56,-0.31,0.12,0.12,-0.95,0.26,3.91,65.37,50.63,-123.25
2293,40.139477,t,75.0,168.0,72.0,49.0,138.0,166.0,106.0,63.0,7.65,-5.2,-3.23,104.44,2.19,-44.56,0.56,-0.29,0.13,0.13,0.4,1.95,2.85,63.88,51.31,-121.81
2294,40.159482,t,75.0,168.0,72.0,49.0,138.0,166.0,106.0,63.0,7.65,-5.2,-3.23,104.44,2.19,-44.56,0.56,-0.29,0.13,0.14,-0.45,4.37,1.33,62.94,52.5,-120.37
2295,40.179486,t,115.0,186.0,74.0,50.0,138.0,165.0,110.0,66.0,7.96,-4.98,-2.81,82.44,19.62,-97.69,0.58,-0.26,0.14,0.14,-0.57,3.98,1.63,63.06,54.25,-119.44
2296,40.199491,t,115.0,186.0,74.0,50.0,138.0,165.0,110.0,66.0,7.96,-4.98,-2.81,82.44,19.62,-97.69,0.58,-0.26,0.14,0.14,-0.57,3.98,1.63,63.06,54.25,-119.44
2297,40.219495,t,102.0,178.0,75.0,51.0,136.0,155.0,104.0,72.0,8.17,-4.72,-2.64,41.81,36.69,-114.12,0.59,-0.24,0.13,0.13,-1.67,4.6,2.09,66.75,58.94,-119.69
2298,40.2395,t,78.0,226.0,71.0,52.0,111.0,130.0,110.0,89.0,8.63,-4.0,-2.36,24.75,40.38,-139.25,0.61,-0.2,0.11,0.11,-2.24,1.75,0.96,69.31,61.69,-120.56
2299,40.259504,t,78.0,226.0,71.0,52.0,111.0,130.0,110.0,89.0,8.63,-4.0,-2.36,24.75,40.38,-139.25,0.61,-0.2,0.11,0.11,-2.01,-2.17,0.53,74.44,65.62,-123.06
2300,40.279509,t,63.0,237.0,63.0,51.0,82.0,122.0,112.0,100.0,9.0,-3.19,-2.18,-60.94,33.81,-111.94,0.62,-0.17,0.07,0.07,-0.94,-3.14,-0.6,76.37,66.69,-124.44
2301,40.300514,t,63.0,237.0,63.0,51.0,82.0,122.0,112.0,100.0,9.0,-3.19,-2.18,-60.94,33.81,-111.94,0.62,-0.17,0.07,0.07,-0.94,-3.14,-0.6,76.37,68.81,-127.06
2302,40.320518,t,62.0,231.0,85.0,52.0,82.0,113.0,124.0,106.0,9.14,-2.82,-2.13,-25.81,31.94,-108.06,0.63,-0.16,0.05,0.05,-2.04,-6.6,-4.15,79.75,71.56,-129.69
2303,40.340523,t,60.0,214.0,86.0,47.0,76.0,115.0,116.0,102.0,9.33,-2.27,-1.94,29.94,13.81,-68.75,0.63,-0.13,0.04,0.04,-4.36,-5.44,-1.58,82.25,72.19,-130.37
2304,40.359527,t,60.0,214.0,86.0,47.0,76.0,115.0,116.0,102.0,9.33,-2.27,-1.94,29.94,13.81,-68.75,0.63,-0.13,0.04,0.04,-4.36,-5.44,-1.58,82.87,73.12,-131.0
2305,40.379531,t,106.0,263.0,110.0,51.0,84.0,136.0,131.0,106.0,9.39,-2.12,-1.85,-10.31,9.38,-10.44,0.64,-0.12,0.04,0.04,-2.38,-2.18,-0.67,83.12,73.25,-131.12
2306,40.400536,t,134.0,268.0,115.0,51.0,87.0,141.0,130.0,110.0,9.39,-2.09,-1.86,-37.31,2.5,-0.88,0.64,-0.13,0.03,0.03,-1.67,-0.48,1.04,83.94,73.37,-131.69
2307,40.41954,t,134.0,268.0,115.0,51.0,87.0,141.0,130.0,110.0,9.39,-2.09,-1.86,-37.31,2.5,-0.88,0.64,-0.13,0.03,0.03,-1.67,-0.48,1.04,83.94,73.44,-132.5
2308,40.439545,t,171.0,250.0,150.0,54.0,85.0,178.0,155.0,144.0,9.4,-2.03,-1.88,14.19,-2.62,-14.5,0.64,-0.13,0.03,0.03,5.55,0.37,-0.35,85.12,73.5,-132.75
2309,40.45955,t,171.0,250.0,150.0,54.0,85.0,178.0,155.0,144.0,9.4,-2.03,-1.88,14.19,-2.62,-14.5,0.64,-0.13,0.03,0.03,5.55,0.37,-3.54,86.44,74.06,-133.62
2310,40.479554,t,214.0,246.0,208.0,54.0,105.0,184.0,162.0,190.0,9.42,-1.92,-1.89,-33.0,-17.75,-5.5,0.63,-0.13,0.02,0.02,-3.41,-6.18,-4.61,86.81,74.0,-134.5
2311,40.500559,t,214.0,246.0,208.0,54.0,105.0,184.0,162.0,190.0,9.42,-1.92,-1.89,-33.0,-17.75,-5.5,0.63,-0.13,0.02,0.02,-3.41,-6.18,-4.61,86.81,74.0,-134.5
2312,40.520564,t,214.0,269.0,223.0,53.0,107.0,195.0,147.0,183.0,9.39,-1.94,-2.03,40.0,-56.06,3.81,0.63,-0.13,0.03,0.03,-1.48,-1.14,-3.88,86.0,73.25,-136.31
2313,40.540568,t,228.0,241.0,225.0,54.0,85.0,194.0,158.0,189.0,9.31,-2.06,-2.26,32.06,-40.94,7.56,0.62,-0.12,0.04,0.04,3.48,3.19,-0.45,83.25,71.75,-137.56
2314,40.559572,t,228.0,241.0,225.0,54.0,85.0,194.0,158.0,189.0,9.31,-2.06,-2.26,32.06,-40.94,7.56,0.62,-0.12,0.04,0.04,3.48,3.19,-0.45,83.25,71.75,-137.56
2315,40.579577,t,233.0,246.0,217.0,56.0,109.0,217.0,143.0,191.0,9.26,-2.05,-2.46,-12.69,-26.69,-10.5,0.61,-0.12,0.04,0.04,6.34,-11.52,-3.16,82.87,70.81,-140.12
2316,40.600582,t,233.0,246.0,217.0,56.0,109.0,217.0,143.0,191.0,9.26,-2.05,-2.46,-12.69,-26.69,-10.5,0.61,-0.12,0.04,0.04,6.34,-11.52,-3.16,82.87,70.81,-140.12
2317,40.620586,t,230.0,216.0,214.0,59.0,104.0,197.0,144.0,194.0,9.25,-2.0,-2.53,66.12,-35.69,-30.75,0.61,-0.11,0.05,0.05,0.99,1.76,2.04,81.12,70.62,-141.94
2318,40.63959,t,224.0,202.0,217.0,56.0,83.0,169.0,164.0,206.0,9.25,-1.98,-2.55,91.12,-11.0,-33.44,0.61,-0.08,0.07,0.07,2.14,6.3,-0.97,77.87,70.69,-142.06
2319,40.659595,t,224.0,202.0,217.0,56.0,83.0,169.0,164.0,206.0,9.25,-1.98,-2.55,91.12,-11.0,-33.44,0.61,-0.08,0.07,0.07,2.14,6.3,-0.97,77.87,70.69,-142.06
2320,40.679599,t,218.0,207.0,206.0,55.0,94.0,170.0,153.0,200.0,9.31,-1.72,-2.51,-24.19,6.25,-47.38,0.61,-0.07,0.05,0.05,-0.3,-0.99,-1.06,80.0,72.12,-146.87
2321,40.700604,t,218.0,207.0,206.0,55.0,94.0,170.0,153.0,200.0,9.35,-1.55,-2.5,-21.37,7.31,-46.25,0.61,-0.06,0.05,0.05,-1.67,-1.85,0.19,81.37,72.75,-149.25
2322,40.720609,t,226.0,213.0,200.0,55.0,108.0,179.0,152.0,200.0,9.35,-1.55,-2.5,-21.37,7.31,-46.25,0.61,-0.06,0.05,0.05,-1.67,-1.85,0.19,81.37,72.75,-149.25
2323,40.740614,t,210.0,214.0,191.0,53.0,123.0,198.0,148.0,177.0,9.4,-1.36,-2.42,15.69,14.19,-17.06,0.61,-0.06,0.04,0.04,-2.4,-4.62,-0.55,81.87,73.69,-150.37
2324,40.760618,t,210.0,214.0,191.0,53.0,123.0,198.0,148.0,177.0,9.4,-1.36,-2.42,15.69,14.19,-17.06,0.61,-0.06,0.04,0.04,-2.4,-4.62,-0.55,81.87,73.69,-150.37
2325,40.780623,t,206.0,232.0,197.0,51.0,129.0,213.0,149.0,161.0,9.43,-1.37,-2.28,28.81,17.37,-1.56,0.62,-0.05,0.05,0.05,-3.47,-2.73,-1.52,80.81,74.31,-148.44
2326,40.800627,t,206.0,232.0,197.0,51.0,129.0,213.0,149.0,161.0,9.43,-1.39,-2.22,10.75,16.94,5.62,0.62,-0.05,0.05,0.05,-5.04,-3.91,-2.16,80.5,74.5,-147.25
2327,40.820631,t,206.0,238.0,201.0,51.0,134.0,226.0,151.0,159.0,9.44,-1.39,-2.22,10.75,16.94,5.62,0.62,-0.05,0.05,0.05,-5.04,-3.91,-2.16,80.5,74.5,-147.25
2328,40.839636,t,185.0,208.0,186.0,52.0,122.0,222.0,142.0,158.0,9.43,-1.52,-2.19,-17.5,-3.75,31.5,0.62,-0.06,0.05,0.05,-3.33,-1.66,-0.38,80.06,73.87,-144.56
2329,40.86064,t,185.0,208.0,186.0,52.0,122.0,222.0,142.0,158.0,9.43,-1.52,-2.19,-17.5,-3.75,31.5,0.62,-0.06,0.05,0.05,-3.33,-1.66,-0.38,80.06,73.87,-144.56
2330,40.880645,t,161.0,190.0,139.0,45.0,102.0,198.0,124.0,144.0,9.37,-1.76,-2.27,-33.38,-2.44,44.69,0.62,-0.08,0.06,0.06,-2.89,-1.3,-1.79,79.75,72.62,-141.44
2331,40.900649,t,161.0,190.0,139.0,45.0,102.0,198.0,124.0,144.0,9.37,-1.76,-2.27,-51.31,-3.31,61.44,0.62,-0.09,0.05,0.05,-3.99,-3.74,0.39,79.81,71.87,-139.75
2332,40.920654,t,161.0,200.0,134.0,53.0,120.0,217.0,126.0,137.0,9.34,-1.88,-2.3,-51.31,-3.31,61.44,0.62,-0.09,0.05,0.05,-3.99,-3.74,0.39,79.81,71.87,-139.75
2333,40.940658,t,159.0,202.0,145.0,53.0,114.0,213.0,125.0,124.0,9.26,-2.17,-2.38,-5.44,-15.31,74.12,0.61,-0.11,0.06,0.06,-1.24,-1.58,0.46,78.81,70.75,-137.5
2334,40.960663,t,144.0,181.0,154.0,47.0,105.0,201.0,127.0,115.0,9.22,-2.3,-2.38,19.5,-8.31,73.19,0.61,-0.11,0.07,0.07,0.86,2.47,0.66,76.81,69.75,-134.25
2335,40.979667,t,131.0,170.0,157.0,48.0,120.0,206.0,129.0,110.0,9.17,-2.68,-2.18,-27.87,46.69,55.88,0.62,-0.13,0.08,0.08,-3.0,-4.76,-3.68,75.25,69.12,-127.44
2336,41.000672,t,127.0,178.0,146.0,51.0,120.0,206.0,129.0,110.0,9.17,-2.68,-2.08,-67.62,31.5,78.37,0.62,-0.14,0.08,0.08,-2.97,-10.06,-2.6,75.44,68.44,-124.94
2337,41.020676,t,125.0,182.0,116.0,52.0,132.0,215.0,126.0,94.0,9.14,-2.85,-2.08,-67.62,31.5,78.37,0.62,-0.14,0.08,0.08,-2.97,-10.06,-2.6,75.44,68.44,-124.94
2338,41.040681,t,118.0,176.0,91.0,50.0,134.0,190.0,118.0,69.0,8.91,-3.43,-2.22,-37.25,-37.38,172.19,0.61,-0.19,0.09,0.09,6.47,-3.03,-0.54,72.69,63.69,-122.06
2339,41.060686,t,110.0,171.0,76.0,48.0,134.0,190.0,118.0,69.0,8.91,-3.43,-2.22,-37.25,-37.38,172.19,0.61,-0.19,0.09,0.09,6.47,-3.03,-0.54,72.69,63.69,-122.06
2340,41.080691,t,95.0,140.0,67.0,50.0,116.0,157.0,94.0,72.0,8.35,-4.49,-2.48,-26.19,-39.81,158.87,0.59,-0.24,0.13,0.13,9.06,4.47,0.2,66.06,56.88,-118.56
2341,41.099694,t,82.0,105.0,72.0,50.0,116.0,157.0,94.0,72.0,8.35,-4.49,-2.48,-26.19,-39.81,158.87,0.59,-0.24,0.13,0.13,7.75,6.87,0.14,64.5,54.69,-118.94
2342,41.119699,t,85.0,98.0,76.0,52.0,129.0,168.0,99.0,79.0,8.0,-4.95,-2.74,-57.44,-31.56,88.75,0.59,-0.26,0.13,0.13,7.75,6.87,0.14,64.5,54.69,-118.94
2343,41.139703,t,88.0,117.0,83.0,54.0,147.0,181.0,98.0,87.0,7.83,-5.02,-3.1,-53.75,-27.31,27.69,0.57,-0.29,0.12,0.12,4.62,2.11,-0.83,65.81,52.56,-122.31
2344,41.159708,t,86.0,117.0,83.0,54.0,147.0,181.0,98.0,87.0,7.83,-5.02,-3.1,-53.75,-27.31,27.69,0.57,-0.29,0.12,0.12,4.62,2.11,-0.83,65.81,52.56,-122.31
2345,41.179712,t,96.0,138.0,82.0,54.0,152.0,178.0,94.0,70.0,7.75,-5.05,-3.24,-0.31,-13.69,8.19,0.57,-0.29,0.12,0.12,2.21,2.73,1.38,65.56,52.19,-122.69
2346,41.199717,t,96.0,142.0,79.0,52.0,145.0,168.0,96.0,68.0,7.74,-5.06,-3.24,42.81,-7.69,-12.44,0.57,-0.29,0.13,0.13,1.4,1.29,2.4,63.44,52.69,-120.94
2347,41.219722,t,90.0,143.0,77.0,50.0,142.0,160.0,96.0,67.0,7.8,-5.09,-3.05,102.0,7.06,-31.06,0.57,-0.28,0.13,0.13,-0.88,1.88,3.15,63.44,52.69,-120.94
2348,41.239726,t,86.0,145.0,76.0,50.0,143.0,153.0,101.0,63.0,8.03,-4.99,-2.57,79.62,29.69,-69.56,0.59,-0.24,0.15,0.15,-2.21,4.7,1.11,61.5,55.0,-117.25
2349,41.25973,t,76.0,168.0,72.0,50.0,141.0,151.0,108.0,63.0,8.03,-4.99,-2.57,79.62,29.69,-69.56,0.59,-0.24,0.15,0.15,-2.21,4.7,1.11,61.5,55.0,-117.25
2350,41.279735,t,88.0,166.0,71.0,50.0,141.0,159.0,114.0,63.0,8.19,-4.56,-2.32,12.81,20.62,-92.62,0.6,-0.21,0.14,0.14,-0.81,3.06,0.25,64.06,58.5,-116.87
2351,41.29974,t,95.0,151.0,62.0,48.0,132.0,153.0,102.0,63.0,8.36,-4.56,-2.32,12.81,20.62,-92.62,0.6,-0.21,0.14,0.14,-0.81,3.06,0.25,64.06,58.5,-116.87
2352,41.319744,t,80.0,160.0,65.0,50.0,124.0,138.0,99.0,65.0,8.52,-4.26,-2.29,-12.69,16.87,-103.37,0.61,-0.2,0.13,0.13,-0.09,2.95,0.98,66.5,60.38,-119.37
2353,41.339752,t,70.0,196.0,63.0,52.0,112.0,120.0,97.0,66.0,8.7,-3.58,-2.17,-9.81,17.44,-116.37,0.62,-0.17,0.1,0.1,-1.96,0.08,-0.26,71.44,64.69,-121.19
2354,41.359753,t,71.0,214.0,72.0,52.0,106.0,122.0,101.0,74.0,8.86,-3.58,-2.17,-9.81,17.44,-116.37,0.62,-0.17,0.1,0.1,-1.96,0.08,-0.26,71.44,64.69,-121.19
2355,41.379758,t,74.0,212.0,73.0,52.0,101.0,124.0,109.0,86.0,9.0,-3.25,-2.08,-45.06,34.13,-75.75,0.62,-0.16,0.07,0.07,-2.54,-3.73,-1.01,77.25,68.25,-125.0
2356,41.399762,t,70.0,200.0,69.0,48.0,88.0,118.0,107.0,85.0,9.11,-2.97,-2.08,-45.06,34.13,-75.75,0.62,-0.16,0.07,0.07,-2.54,-3.73,-1.01,77.25,68.25,-125.0
2357,41.419767,t,70.0,199.0,80.0,52.0,86.0,117.0,117.0,99.0,9.2,-2.72,-2.02,-11.06,21.69,-73.56,0.63,-0.15,0.06,0.06,-2.65,-4.65,-1.68,79.37,69.75,-126.56
2358,41.439771,t,67.0,188.0,86.0,51.0,83.0,115.0,124.0,106.0,9.27,-2.5,-1.97,-1.19,8.13,-54.56,0.63,-0.13,0.04,0.04,-2.13,-3.71,-1.49,81.81,72.0,-129.94
2359,41.459776,t,66.0,202.0,86.0,52.0,81.0,114.0,124.0,106.0,9.32,-2.32,-1.94,-1.19,8.13,-54.56,0.63,-0.13,0.04,0.04,-2.13,-3.71,-1.49,81.81,72.0,-129.94
2360,41.47978,t,72.0,216.0,97.0,52.0,85.0,113.0,125.0,105.0,9.37,-2.16,-1.91,-5.94,12.94,-43.56,0.63,-0.13,0.04,0.04,-3.57,-3.69,-1.43,83.0,72.81,-131.44
2361,41.499785,t,86.0,223.0,101.0,51.0,82.0,114.0,126.0,104.0,9.39,-2.05,-1.89,2.06,2.81,-32.63,0.63,-0.12,0.03,0.03,-3.21,-3.08,-0.45,83.69,73.37,-132.62
2362,41.519789,t,103.0,240.0,107.0,51.0,83.0,122.0,130.0,105.0,9.41,-1.96,-1.89,-21.12,3.12,-24.31,0.63,-0.12,0.03,0.03,-2.93,-2.27,0.27,85.81,74.12,-135.56
2363,41.539794,t,123.0,242.0,111.0,51.0,83.0,133.0,137.0,105.0,9.43,-1.87,-1.91,-40.75,3.25,-18.62,0.63,-0.12,0.02,0.02,-2.81,-2.27,0.27,85.81,74.12,-135.56
2364,41.559798,t,146.0,243.0,118.0,53.0,83.0,145.0,141.0,110.0,9.44,-1.79,-1.92,-34.69,2.62,-14.56,0.63,-0.13,0.02,0.02,-0.41,-0.75,-0.92,87.06,74.37,-136.94
2365,41.579803,t,162.0,245.0,137.0,54.0,86.0,171.0,142.0,126.0,9.46,-1.72,-1.9,-11.94,12.69,-25.94,0.64,-0.12,0.01,0.01,8.5,-1.48,2.0,88.19,75.25,-138.75
2366,41.599807,t,176.0,237.0,146.0,54.0,83.0,177.0,150.0,142.0,9.48,-1.63,-1.87,-11.94,12.69,-25.94,0.64,-0.12,0.01,0.01,8.5,-1.48,2.0,88.19,75.25,-138.75
2367,41.619812,t,202.0,225.0,164.0,54.0,88.0,171.0,162.0,168.0,9.51,-1.53,-1.83,-3.06,7.37,-31.44,0.64,-0.12,0.01,0.01,-3.65,-4.9,-4.22,88.62,75.81,-142.25
2368,41.640817,t,210.0,234.0,176.0,54.0,103.0,173.0,156.0,174.0,9.5,-1.46,-1.89,58.5,-37.81,-13.75,0.63,-0.1,0.02,0.02,-0.18,-0.51,-0.62,87.25,75.37,-143.81
2369,41.659821,t,219.0,252.0,196.0,55.0,105.0,185.0,152.0,173.0,9.49,-1.45,-1.99,63.5,-37.81,-13.75,0.63,-0.1,0.02,0.02,-0.18,-0.51,-0.62,87.25,75.37,-143.81
2370,41.679826,t,230.0,242.0,217.0,55.0,102.0,189.0,163.0,182.0,9.47,-1.46,-2.07,77.06,-34.94,-20.5,0.62,-0.08,0.03,0.03,3.59,3.33,-2.12,84.0,74.62,-145.56
2371,41.69983,t,224.0,234.0,227.0,54.0,100.0,185.0,170.0,198.0,9.45,-1.46,-2.14,67.87,-28.94,-20.5,0.62,-0.08,0.03,0.03,3.59,3.33,-2.12,84.0,74.62,-145.56
2372,41.719835,t,237.0,235.0,231.0,54.0,105.0,198.0,164.0,206.0,9.45,-1.4,-2.2,3.56,-25.31,-23.44,0.62,-0.08,0.03,0.03,3.18,-7.51,-3.04,85.12,74.19,-150.06
2373,41.739839,t,230.0,258.0,209.0,54.0,113.0,201.0,151.0,197.0,9.43,-1.33,-2.31,-54.94,-22.5,-7.87,0.62,-0.08,0.02,0.02,-0.48,-4.61,0.5,85.81,73.94,-151.12
2374,41.759844,t,226.0,234.0,202.0,58.0,118.0,189.0,146.0,181.0,9.42,-1.3,-2.36,-13.31,-14.25,0.81,0.62,-0.08,0.02,0.02,-0.48,-4.61,0.5,85.81,73.94,-151.12
2375,41.779848,t,213.0,201.0,204.0,57.0,101.0,171.0,158.0,178.0,9.41,-1.35,-2.39,42.69,-5.56,3.81,0.61,-0.07,0.03,0.03,-0.46,3.57,-0.36,83.62,73.5,-149.62
2376,41.799853,t,191.0,178.0,201.0,56.0,91.0,145.0,164.0,183.0,9.4,-1.4,-2.4,37.56,-5.56,3.81,0.61,-0.07,0.03,0.03,-0.46,3.57,-0.36,83.62,73.5,-149.62
2377,41.819857,t,190.0,169.0,196.0,59.0,98.0,146.0,165.0,187.0,9.4,-1.39,-2.4,-21.12,0.31,-6.25,0.61,-0.08,0.02,0.02,-1.21,-1.76,-2.31,85.5,73.5,-151.75
2378,41.839862,t,187.0,162.0,179.0,56.0,98.0,148.0,144.0,181.0,9.4,-1.31,-2.45,-73.31,-7.19,-6.25,0.61,-0.08,0.02,0.02,-1.21,-1.76,-2.31,87.5,73.37,-153.87
2379,41.859866,t,196.0,186.0,163.0,56.0,103.0,155.0,133.0,178.0,9.39,-1.23,-2.51,-74.94,-9.56,-6.31,0.61,-0.09,0.01,0.01,-1.69,-3.58,0.48,87.5,73.37,-153.87
2380,41.879871,t,195.0,173.0,166.0,60.0,106.0,164.0,127.0,173.0,9.39,-1.18,-2.54,-2.87,6.19,-17.25,0.61,-0.08,0.01,0.01,-0.94,0.72,0.55,88.12,73.44,-155.31
2381,41.899875,t,183.0,161.0,162.0,54.0,101.0,162.0,126.0,168.0,9.4,-1.16,-2.53,49.88,6.19,-17.25,0.61,-0.08,0.01,0.01,-0.94,0.72,0.55,88.12,73.44,-155.31
2382,41.91988,t,163.0,150.0,160.0,50.0,100.0,171.0,125.0,153.0,9.41,-1.13,-2.48,52.44,8.44,-24.62,0.61,-0.07,0.02,0.02,-3.1,-4.17,-0.74,86.94,74.19,-156.25
2383,41.939884,t,167.0,184.0,166.0,53.0,116.0,197.0,129.0,152.0,9.43,-1.07,-2.44,28.31,10.13,-30.62,0.61,-0.07,0.02,0.02,-3.1,-4.02,0.68,87.56,74.62,-157.69
2384,41.959889,t,171.0,200.0,159.0,54.0,120.0,204.0,132.0,150.0,9.45,-0.98,-2.4,-8.44,12.0,-23.94,0.61,-0.07,0.01,0.01,-4.07,-4.02,0.68,87.56,74.62,-157.69
2385,41.979893,t,169.0,201.0,154.0,52.0,116.0,200.0,126.0,144.0,9.47,-0.92,-2.36,-6.94,12.13,-15.81,0.62,-0.06,0.01,0.01,-1.92,-1.56,-0.49,88.12,75.31,-158.69
2386,42.000899,t,168.0,194.0,159.0,50.0,107.0,203.0,134.0,142.0,9.48,-0.9,-2.3,14.88,19.06,-6.5,0.62,-0.06,0.01,0.01,-1.92,-1.56,-0.49,88.12,75.31,-158.69
2387,42.019902,t,164.0,183.0,165.0,51.0,96.0,200.0,144.0,142.0,9.5,-0.91,-2.21,23.19,29.06,-0.56,0.62,-0.06,0.01,0.01,-2.31,-3.86,-3.46,87.37,76.37,-156.12
2388,42.039907,t,161.0,184.0,167.0,51.0,97.0,198.0,151.0,141.0,9.53,-0.93,-2.1,10.0,32.56,3.75,0.63,-0.06,0.01,0.01,-2.31,-3.86,-2.3,87.25,76.81,-154.81
2389,42.059911,t,164.0,200.0,161.0,52.0,99.0,194.0,147.0,143.0,9.54,-0.94,-2.01,0.94,23.81,5.12,0.63,-0.06,0.01,0.01,-1.72,-3.17,-2.3,87.25,76.81,-154.81
2390,42.079917,t,168.0,210.0,158.0,53.0,99.0,189.0,143.0,142.0,9.56,-0.97,-1.95,-28.37,22.12,14.31,0.63,-0.07,0.01,0.01,-1.84,-2.12,-0.54,87.87,77.25,-152.56
2391,42.099921,t,167.0,203.0,158.0,52.0,91.0,179.0,142.0,136.0,9.57,-1.02,-1.87,-45.5,30.0,26.5,0.64,-0.07,0.01,0.01,-0.95,-1.44,-0.55,88.19,77.37,-151.31
2392,42.119925,t,156.0,198.0,154.0,51.0,90.0,171.0,147.0,130.0,9.58,-1.1,-1.77,-44.94,35.81,35.38,0.64,-0.09,0.01,0.01,0.56,-6.17,-3.93,89.25,77.69,-143.87
2393,42.139929,t,149.0,198.0,145.0,52.0,100.0,171.0,140.0,126.0,9.58,-1.22,-1.68,-69.31,36.06,53.94,0.65,-0.1,0.0,0.0,0.56,-6.17,-3.93,89.25,77.69,-143.87
2394,42.159934,t,154.0,197.0,146.0,53.0,111.0,173.0,117.0,127.0,9.56,-1.41,-1.62,-82.06,23.62,76.31,0.65,-0.12,0.0,0.0,-0.43,-10.05,-5.33,89.87,77.25,-138.94
2395,42.179939,t,165.0,200.0,140.0,55.0,122.0,169.0,94.0,118.0,9.51,-1.67,-1.69,-61.63,-21.69,96.5,0.64,-0.14,0.02,0.02,4.62,-4.75,-1.68,87.81,73.69,-131.87
2396,42.199943,t,125.0,146.0,111.0,48.0,97.0,140.0,76.0,98.0,9.41,-2.04,-1.83,-20.56,-39.5,128.06,0.63,-0.16,0.02,0.02,4.62,-4.75,-1.68,87.81,73.69,-131.87
2397,42.219948,t,120.0,131.0,104.0,52.0,90.0,134.0,82.0,98.0,9.26,-2.54,-1.97,21.62,-47.44,158.94,0.63,-0.18,0.04,0.06,12.84,3.96,-1.44,80.69,68.0,-124.12
2398,42.239952,t,102.0,114.0,96.0,47.0,91.0,117.0,79.0,74.0,9.09,-3.03,-2.05,7.69,-23.62,142.44,0.62,-0.19,0.06,0.06,12.84,3.96,-1.44,80.69,68.0,-124.12
2399,42.259957,t,97.0,127.0,89.0,53.0,118.0,131.0,83.0,71.0,8.97,-3.33,-2.11,-44.94,-2.44,94.31,0.62,-0.21,0.06,0.06,4.27,0.81,-2.08,79.25,66.19,-122.31
2400,42.279962,t,96.0,139.0,77.0,53.0,127.0,134.0,84.0,70.0,8.86,-3.55,-2.21,-51.13,-20.75,84.25,0.62,-0.23,0.06,0.06,1.54,-2.34,2.23,76.81,62.69,-121.94
2401,42.299966,t,99.0,139.0,71.0,52.0,132.0,143.0,91.0,70.0,8.71,-3.81,-2.38,0.25,-57.38,90.5,0.61,-0.24,0.08,0.08,1.54,-2.34,2.23,76.81,62.69,-121.94
2402,42.31997,t,98.0,137.0,70.0,52.0,136.0,148.0,94.0,70.0,8.53,-4.1,-2.55,37.25,-75.87,84.5,0.6,-0.24,0.1,0.1,3.27,2.71,2.27,71.87,59.44,-121.87
2403,42.339976,t,91.0,132.0,71.0,50.0,137.0,147.0,96.0,70.0,8.38,-4.33,-2.67,71.62,-65.56,49.38,0.59,-0.24,0.11,0.11,-0.6,2.42,2.14,70.19,58.69,-121.69
2404,42.35998,t,87.0,131.0,70.0,50.0,138.0,148.0,96.0,69.0,8.29,-4.49,-2.66,87.31,-38.44,27.62,0.59,-0.23,0.13,0.13,-1.04,2.92,1.85,65.56,57.38,-120.0
2405,42.379984,t,86.0,142.0,69.0,51.0,142.0,151.0,97.0,71.0,8.23,-4.63,-2.61,101.87,-27.87,1.62,0.59,-0.22,0.14,0.14,0.34,5.26,1.63,61.63,57.0,-118.0
2406,42.398988,t,84.0,139.0,74.0,50.0,139.0,151.0,94.0,69.0,8.22,-4.71,-2.51,101.69,-14.38,-8.0,0.59,-0.21,0.15,0.15,-0.24,5.26,1.63,61.63,57.0,-118.0
2407,42.419992,t,86.0,143.0,76.0,52.0,142.0,156.0,97.0,70.0,8.26,-4.73,-2.34,75.81,10.69,-30.56,0.6,-0.2,0.16,0.16,-3.35,5.7,1.9,59.31,58.06,-115.19
2408,42.438997,t,83.0,149.0,70.0,52.0,141.0,150.0,96.0,70.0,8.32,-4.69,-2.2,59.63,8.25,-35.13,0.6,-0.19,0.17,0.17,-3.97,5.7,1.9,59.31,58.06,-115.19
2409,42.459002,t,82.0,155.0,69.0,53.0,140.0,148.0,94.0,69.0,8.38,-4.59,-2.16,14.19,-1.5,-43.25,0.6,-0.18,0.16,0.16,-3.42,4.94,1.1,60.19,59.19,-115.62
2410,42.480006,t,79.0,152.0,68.0,53.0,130.0,134.0,89.0,69.0,8.46,-4.44,-2.19,-48.5,13.44,-49.81,0.6,-0.18,0.15,0.15,-2.28,2.09,1.54,64.56,61.25,-118.19
2411,42.500011,t,76.0,149.0,68.0,53.0,124.0,130.0,93.0,74.0,8.55,-4.25,-2.22,-49.5,17.87,-52.69,0.61,-0.18,0.14,0.14,-2.13,1.34,1.54,64.56,61.25,-118.19
2412,42.519015,t,73.0,134.0,74.0,51.0,126.0,134.0,100.0,81.0,8.64,-4.06,-2.22,-10.63,22.62,-53.81,0.61,-0.17,0.13,0.13,-0.68,-2.7,1.36,66.44,63.44,-118.87
2413,42.54002,t,72.0,116.0,71.0,50.0,129.0,136.0,108.0,82.0,8.73,-3.9,-2.14,10.31,28.06,-51.44,0.61,-0.17,0.12,0.12,-1.24,-2.98,1.18,67.69,63.44,-118.87
2414,42.559024,t,78.0,114.0,68.0,51.0,131.0,146.0,119.0,84.0,8.8,-3.75,-2.11,-55.38,23.31,-37.81,0.62,-0.17,0.11,0.11,-1.01,-8.19,-5.16,69.94,64.31,-119.87
2415,42.580029,t,79.0,112.0,71.0,50.0,138.0,152.0,124.0,88.0,8.88,-3.58,-2.1,-28.69,18.12,-17.37,0.62,-0.17,0.1,0.1,-1.92,-9.83,-4.69,71.5,64.81,-120.56
2416,42.600034,t,78.0,121.0,74.0,50.0,149.0,162.0,126.0,86.0,8.88,-3.57,-2.1,-4.94,0.75,-7.25,0.62,-0.17,0.1,0.1,-1.51,-9.55,-4.57,71.5,64.81,-120.56
2417,42.620038,t,78.0,130.0,76.0,50.0,150.0,166.0,124.0,73.0,8.83,-3.65,-2.18,5.31,-30.06,23.0,0.61,-0.17,0.1,0.1,-1.67,-5.72,-3.37,69.56,63.44,-121.81
2418,42.639042,t,76.0,142.0,77.0,52.0,146.0,161.0,119.0,66.0,8.8,-3.69,-2.24,8.88,-41.06,23.31,0.61,-0.17,0.11,0.11,-0.82,-1.14,-2.56,69.56,63.44,-121.81
2419,42.659047,t,76.0,150.0,76.0,53.0,149.0,162.0,121.0,68.0,8.74,-3.74,-2.38,16.44,-50.25,0.25,0.6,-0.17,0.11,0.11,1.18,0.79,1.22,68.5,62.81,-123.06
2420,42.679051,t,80.0,153.0,76.0,50.0,144.0,162.0,118.0,68.0,8.7,-3.74,-2.52,18.94,-26.0,-10.69,0.6,-0.17,0.12,0.12,3.51,2.97,0.8,68.0,62.69,-124.62
2421,42.699057,t,97.0,178.0,96.0,48.0,138.0,172.0,126.0,82.0,8.7,-3.72,-2.53,12.31,-16.25,-14.13,0.6,-0.17,0.12,0.12,5.68,1.41,-2.0,67.94,62.69,-124.62
2422,42.719061,t,123.0,208.0,104.0,46.0,138.0,186.0,139.0,91.0,8.72,-3.65,-2.6,-5.5,-10.38,-14.0,0.6,-0.16,0.11,0.11,4.95,-7.71,-2.01,66.87,63.25,-124.25
2423,42.740065,t,125.0,184.0,115.0,50.0,137.0,178.0,143.0,90.0,8.73,-3.64,-2.56,47.63,6.69,-23.06,0.6,-0.15,0.12,0.12,-0.65,-1.14,2.86,66.87,63.25,-124.25
2424,42.75907,t,141.0,189.0,147.0,51.0,125.0,191.0,143.0,105.0,8.76,-3.67,-2.4,206.75,-39.38,-28.0,0.6,-0.13,0.15,0.15,2.11,7.22,1.1,62.63,63.38,-122.06
2425,42.780074,t,150.0,204.0,169.0,51.0,110.0,190.0,151.0,116.0,8.8,-3.72,-2.18,136.94,-14.81,-46.25,0.6,-0.1,0.16,0.16,1.61,13.75,2.57,59.44,63.81,-120.37
2426,42.800106,t,166.0,223.0,178.0,51.0,111.0,194.0,157.0,129.0,8.83,-3.65,-2.17,41.88,-8.69,-55.06,0.6,-0.1,0.16,0.16,2.58,9.34,0.37,60.44,64.69,-121.62
2427,42.81911,t,178.0,228.0,178.0,51.0,124.0,208.0,161.0,146.0,8.94,-3.33,-2.25,-94.75,17.19,-50.94,0.6,-0.1,0.14,0.14,1.67,1.66,-3.7,63.69,65.75,-126.44
2428,42.840115,t,170.0,227.0,171.0,48.0,123.0,196.0,154.0,142.0,8.97,-3.21,-2.28,-64.75,14.5,-53.94,0.61,-0.1,0.13,0.13,-0.67,-0.98,-2.64,66.62,66.75,-126.44
2429,42.86012,t,179.0,237.0,180.0,51.0,127.0,197.0,159.0,137.0,9.06,-2.93,-2.29,-16.87,6.69,-46.38,0.61,-0.1,0.12,0.12,-0.47,-0.86,-0.33,68.31,67.62,-128.0
2430,42.880124,t,174.0,220.0,180.0,51.0,124.0,191.0,155.0,136.0,9.11,-2.8,-2.28,3.56,4.75,-39.94,0.61,-0.09,0.11,0.11,0.55,1.35,-0.52,69.12,68.31,-129.06
2431,42.899128,t,168.0,214.0,177.0,50.0,120.0,181.0,146.0,136.0,9.13,-2.74,-2.26,-12.38,9.19,-42.44,0.61,-0.09,0.11,0.11,-0.38,1.59,-0.89,70.19,69.06,-130.19
2432,42.920133,t,172.0,220.0,181.0,53.0,116.0,173.0,146.0,133.0,9.2,-2.5,-2.26,-27.12,4.94,-50.44,0.61,-0.08,0.1,0.1,-0.37,1.47,-1.18,71.75,69.87,-132.06
2433,42.940138,t,166.0,204.0,173.0,53.0,110.0,159.0,144.0,130.0,9.23,-2.4,-2.26,-31.19,1.75,-50.63,0.61,-0.08,0.09,0.09,-0.68,-0.07,-0.84,73.5,70.62,-134.5
2434,42.960142,t,164.0,194.0,178.0,54.0,105.0,158.0,148.0,132.0,9.29,-2.15,-2.27,-38.81,13.56,-38.88,0.61,-0.08,0.08,0.08,-0.82,-1.1,-1.14,75.31,71.31,-136.62
2435,42.980147,t,161.0,180.0,176.0,54.0,98.0,155.0,142.0,134.0,9.33,-2.02,-2.23,-36.81,21.87,-27.31,0.62,-0.08,0.07,0.07,-1.52,-1.01,-1.16,76.94,72.06,-137.81
2436,43.000152,t,163.0,181.0,177.0,54.0,96.0,159.0,146.0,137.0,9.35,-1.92,-2.2,-31.56,13.81,-24.19,0.62,-0.08,0.06,0.06,-1.13,-1.4,-1.57,78.31,72.62,-138.94
2437,43.020156,t,168.0,188.0,184.0,55.0,97.0,161.0,160.0,142.0,9.38,-1.82,-2.19,-30.81,8.25,-23.75,0.62,-0.08,0.06,0.06,-1.46,-1.95,-2.02,79.56,73.06,-140.31
2438,43.04016,t,174.0,184.0,182.0,55.0,95.0,158.0,155.0,149.0,9.39,-1.77,-2.19,-17.81,2.0,-23.12,0.62,-0.08,0.05,0.05,-0.66,-2.24,-1.64,80.56,73.37,-141.75
2439,43.060165,t,183.0,189.0,187.0,57.0,96.0,159.0,159.0,154.0,9.41,-1.63,-2.19,-12.81,3.12,-25.37,0.62,-0.08,0.05,0.05,-1.31,-2.28,-1.51,81.44,73.75,-143.25
2440,43.080169,t,183.0,189.0,186.0,57.0,98.0,160.0,160.0,154.0,9.43,-1.55,-2.19,13.94,-0.31,-28.56,0.62,-0.07,0.04,0.04,-1.62,-1.57,-1.63,81.81,74.06,-144.62
2441,43.100174,t,178.0,190.0,182.0,55.0,99.0,162.0,157.0,152.0,9.44,-1.48,-2.17,39.25,-1.94,-26.69,0.62,-0.06,0.05,0.05,-1.73,-1.97,-1.8,81.56,74.37,-145.62
2442,43.120178,t,188.0,208.0,196.0,57.0,109.0,170.0,164.0,157.0,9.45,-1.45,-2.17,54.75,-6.5,-21.87,0.62,-0.06,0.05,0.05,-1.42,-2.4,-1.15,80.69,74.5,-146.19
2443,43.140183,t,186.0,207.0,195.0,52.0,112.0,172.0,160.0,153.0,9.45,-1.43,-2.18,44.94,-15.0,-15.94,0.62,-0.05,0.06,0.06,-1.14,-2.81,-1.17,79.81,74.5,-146.75
2444,43.160188,t,191.0,219.0,188.0,53.0,116.0,180.0,162.0,153.0,9.44,-1.42,-2.22,31.0,-15.75,-9.63,0.62,-0.04,0.06,0.06,-1.74,-3.42,-0.65,79.12,74.37,-147.37
2445,43.180191,t,190.0,212.0,179.0,53.0,121.0,191.0,152.0,154.0,9.43,-1.43,-2.25,29.37,-15.44,-2.5,0.62,-0.04,0.06,0.06,-2.0,-3.9,-0.12,78.44,74.12,-147.62
2446,43.200197,t,191.0,205.0,180.0,56.0,125.0,206.0,150.0,158.0,9.42,-1.46,-2.29,39.75,-14.94,4.37,0.62,-0.04,0.07,0.07,-2.46,-3.4,-0.47,77.44,73.87,-147.31
2447,43.220201,t,187.0,191.0,182.0,53.0,124.0,210.0,144.0,158.0,9.4,-1.53,-2.31,48.44,-17.12,11.56,0.61,-0.03,0.08,0.08,-3.19,-2.48,-1.04,76.0,73.5,-146.44
2448,43.240205,t,180.0,175.0,178.0,52.0,119.0,210.0,134.0,154.0,9.37,-1.63,-2.36,39.0,-22.69,23.56,0.61,-0.03,0.08,0.08,-2.16,-0.05,0.95,74.5,72.94,-145.31
2449,43.26021,t,179.0,171.0,180.0,53.0,117.0,221.0,138.0,160.0,9.34,-1.75,-2.41,9.88,-14.13,32.81,0.61,-0.03,0.09,0.09,-1.54,0.76,-1.17,73.37,72.25,-144.0
2450,43.280215,t,178.0,178.0,178.0,51.0,112.0,223.0,137.0,161.0,9.31,-1.84,-2.45,-9.13,-11.13,30.44,0.61,-0.04,0.09,0.09,-1.26,1.24,-1.2,72.81,71.75,-142.94
2451,43.300219,t,174.0,194.0,170.0,52.0,117.0,221.0,127.0,155.0,9.29,-1.9,-2.49,-39.31,-6.06,26.37,0.6,-0.04,0.09,0.09,-1.92,-0.04,-0.53,73.0,71.31,-142.56
2452,43.320223,t,170.0,191.0,170.0,52.0,120.0,219.0,125.0,144.0,9.26,-1.95,-2.54,-42.63,-7.37,28.19,0.6,-0.05,0.09,0.09,-2.8,-2.35,-0.5,73.56,70.87,-142.44
2453,43.340228,t,161.0,185.0,168.0,50.0,119.0,217.0,129.0,134.0,9.23,-2.03,-2.57,-1.69,-7.19,28.94,0.6,-0.06,0.09,0.09,-1.87,-1.8,-1.09,73.25,70.37,-141.62
2454,43.360232,t,156.0,190.0,169.0,53.0,131.0,219.0,131.0,122.0,9.21,-2.13,-2.58,21.06,-3.75,24.62,0.6,-0.06,0.09,0.09,-2.69,-1.8,-0.48,72.31,70.0,-140.37
2455,43.380238,t,146.0,185.0,167.0,53.0,133.0,213.0,127.0,116.0,9.19,-2.23,-2.57,18.62,-5.0,27.94,0.6,-0.06,0.1,0.1,-2.79,-0.45,0.12,71.25,69.62,-139.0
2456,43.400241,t,139.0,186.0,168.0,53.0,136.0,211.0,127.0,112.0,9.15,-2.37,-2.58,19.0,-5.94,39.69,0.6,-0.06,0.11,0.11,-2.11,0.32,-0.8,69.94,69.0,-137.44
2457,43.420246,t,133.0,177.0,169.0,54.0,132.0,202.0,130.0,112.0,9.12,-2.51,-2.58,-1.44,3.56,46.06,0.6,-0.07,0.11,0.11,-1.65,0.8,-1.41,69.06,68.44,-135.75
2458,43.43925,t,125.0,161.0,166.0,50.0,119.0,194.0,127.0,108.0,9.08,-2.66,-2.55,4.44,5.44,47.38,0.6,-0.07,0.12,0.12,0.46,2.11,0.13,68.0,67.81,-133.75
2459,43.460255,t,129.0,157.0,167.0,51.0,126.0,200.0,126.0,111.0,9.06,-2.76,-2.53,-23.06,16.25,29.25,0.6,-0.08,0.12,0.12,-1.6,0.24,-1.55,67.81,67.5,-132.5
2460,43.48026,t,124.0,167.0,152.0,53.0,141.0,206.0,126.0,108.0,9.06,-2.78,-2.49,-57.31,31.31,21.25,0.6,-0.09,0.11,0.11,-3.45,-3.13,-4.38,68.81,67.56,-131.75
2461,43.500264,t,120.0,168.0,134.0,53.0,160.0,216.0,124.0,103.0,9.05,-2.82,-2.47,-87.06,25.62,37.13,0.6,-0.1,0.1,0.1,-4.46,-8.08,-2.1,70.25,67.44,-131.25
2462,43.520276,t,113.0,179.0,103.0,50.0,165.0,222.0,121.0,88.0,8.99,-2.93,-2.56,-91.75,-4.06,74.37,0.6,-0.13,0.1,0.1,-2.03,-10.52,-1.89,71.44,66.56,-131.06
2463,43.54028,t,106.0,164.0,86.0,49.0,146.0,198.0,112.0,79.0,8.85,-3.23,-2.69,-62.75,-24.19,135.06,0.59,-0.14,0.1,0.1,2.75,-7.26,-0.38,70.62,64.5,-129.81
2464,43.560285,t,99.0,150.0,82.0,50.0,134.0,177.0,104.0,65.0,8.6,-3.73,-2.86,-29.0,-43.13,190.19,0.58,-0.19,0.12,0.12,9.1,-4.24,-1.34,67.62,61.25,-127.44
2465,43.580289,t,85.0,117.0,76.0,50.0,111.0,149.0,85.0,63.0,8.29,-4.3,-2.97,-38.0,-15.06,206.94,0.58,-0.2,0.13,0.13,9.32,-0.32,-0.98,64.12,57.75,-124.62
2466,43.599294,t,78.0,98.0,65.0,51.0,107.0,142.0,78.0,73.0,7.97,-4.78,-3.12,-47.5,-38.19,176.25,0.57,-0.23,0.15,0.15,9.66,4.7,2.17,61.06,54.31,-123.19
2467,43.619299,t,80.0,102.0,79.0,54.0,116.0,146.0,75.0,76.0,7.71,-4.99,-3.43,-92.19,-62.63,91.06,0.55,-0.26,0.15,0.15,10.29,7.42,-0.27,59.81,51.81,-124.44
2468,43.639304,t,85.0,106.0,79.0,54.0,132.0,150.0,79.0,70.0,7.61,-5.0,-3.61,-87.75,10.31,37.25,0.54,-0.27,0.14,0.14,1.21,3.98,0.33,60.88,50.94,-125.81
2469,43.659308,t,86.0,122.0,80.0,54.0,147.0,157.0,91.0,67.0,7.61,-4.99,-3.64,-59.25,34.38,24.62,0.55,-0.28,0.13,0.13,-0.56,2.6,2.09,62.56,50.88,-126.06
2470,43.679312,t,84.0,134.0,76.0,50.0,138.0,151.0,92.0,62.0,7.59,-5.02,-3.63,-15.63,19.0,26.94,0.55,-0.28,0.13,0.13,-0.69,1.07,2.38,63.19,50.75,-125.81
2471,43.699317,t,82.0,142.0,83.0,51.0,149.0,161.0,99.0,63.0,7.56,-5.11,-3.56,52.69,-2.0,14.69,0.55,-0.28,0.14,0.14,1.27,0.98,2.88,61.94,50.5,-124.81
2472,43.719335,t,79.0,150.0,82.0,50.0,148.0,159.0,106.0,62.0,7.58,-5.2,-3.4,85.44,10.06,-12.44,0.56,-0.27,0.15,0.15,1.62,1.97,2.39,60.25,50.63,-123.19
2473,43.739338,t,77.0,184.0,76.0,50.0,142.0,156.0,111.0,62.0,7.66,-5.2,-3.2,73.06,26.94,-37.19,0.56,-0.26,0.15,0.15,0.67,3.41,2.45,59.44,51.38,-121.56
2474,43.760343,t,104.0,153.0,69.0,51.0,142.0,160.0,112.0,61.0,7.79,-5.12,-3.03,45.0,30.56,-58.13,0.57,-0.25,0.15,0.15,-1.33,3.56,2.21,59.81,52.56,-120.62
2475,43.779347,t,98.0,151.0,63.0,48.0,127.0,138.0,96.0,65.0,7.94,-4.96,-2.9,4.44,35.94,-67.94,0.57,-0.24,0.15,0.15,-2.94,5.96,0.11,61.13,54.06,-120.31
2476,43.799353,t,74.0,182.0,70.0,51.0,127.0,122.0,98.0,66.0,8.1,-4.71,-2.85,-26.0,30.75,-83.94,0.58,-0.24,0.14,0.14,-3.03,5.2,2.04,63.69,55.75,-121.12
2477,43.819357,t,70.0,214.0,69.0,52.0,119.0,113.0,90.0,68.0,8.29,-4.44,-2.76,-11.63,43.63,-93.75,0.59,-0.22,0.12,0.12,-3.21,3.56,1.6,67.81,58.75,-122.25
2478,43.839375,t,65.0,215.0,68.0,50.0,107.0,112.0,90.0,82.0,8.47,-4.14,-2.68,-31.31,40.5,-95.06,0.59,-0.22,0.11,0.11,-3.56,-1.02,-0.46,69.31,59.75,-122.81
2479,43.859379,t,66.0,202.0,66.0,50.0,98.0,113.0,98.0,83.0,8.62,-3.84,-2.64,-47.63,33.31,-83.5,0.6,-0.21,0.08,0.08,-1.17,-3.99,-1.41,73.87,62.31,-125.06
2480,43.879384,t,63.0,187.0,67.0,50.0,88.0,102.0,101.0,88.0,8.74,-3.61,-2.56,-14.5,37.69,-70.25,0.6,-0.2,0.08,0.08,0.56,-5.82,-1.43,74.87,63.13,-125.37
2481,43.899389,t,63.0,179.0,82.0,52.0,82.0,96.0,109.0,91.0,8.87,-3.39,-2.42,48.81,32.19,-81.56,0.61,-0.18,0.07,0.07,0.81,-6.96,-0.07,76.06,64.75,-125.5
2482,43.919393,t,63.0,186.0,88.0,52.0,81.0,94.0,113.0,91.0,8.99,-3.19,-2.24,89.62,22.5,-89.44,0.62,-0.16,0.08,0.08,-2.85,-3.38,0.09,76.06,67.25,-125.31
2483,43.939397,t,61.0,194.0,84.0,53.0,80.0,95.0,117.0,91.0,9.09,-2.98,-2.14,56.94,12.38,-80.75,0.62,-0.15,0.07,0.07,-3.29,-3.37,-1.56,76.25,68.0,-125.62
2484,43.959402,t,66.0,205.0,94.0,52.0,84.0,99.0,119.0,90.0,9.16,-2.82,-2.03,55.13,14.75,-58.19,0.63,-0.13,0.08,0.08,-3.54,-1.75,-0.84,76.25,69.62,-125.75
2485,43.979407,t,92.0,230.0,102.0,51.0,84.0,102.0,120.0,92.0,9.21,-2.72,-1.95,38.0,14.13,-34.31,0.63,-0.13,0.08,0.08,-0.99,0.24,2.0,76.25,70.0,-125.56
2486,43.999411,t,113.0,240.0,108.0,50.0,82.0,110.0,122.0,99.0,9.25,-2.64,-1.88,-15.63,21.81,-23.06,0.63,-0.13,0.07,0.07,-0.95,0.67,3.5,76.87,70.62,-125.5
2487,44.019416,t,154.0,249.0,136.0,54.0,86.0,134.0,131.0,118.0,9.29,-2.52,-1.86,-53.25,20.56,-30.62,0.63,-0.13,0.06,0.06,2.11,-0.3,-1.78,79.5,71.69,-126.94
2488,44.04042,t,180.0,260.0,154.0,53.0,87.0,162.0,157.0,144.0,9.33,-2.39,-1.82,-15.94,20.06,-33.0,0.64,-0.13,0.05,0.05,4.93,0.89,-0.88,80.06,72.06,-127.19
2489,44.060425,t,196.0,262.0,180.0,54.0,85.0,173.0,165.0,166.0,9.36,-2.27,-1.78,-61.13,24.94,-29.87,0.64,-0.13,0.04,0.04,-1.54,-2.26,-5.47,82.87,73.19,-128.94
2490,44.08043,t,211.0,259.0,206.0,53.0,86.0,198.0,173.0,177.0,9.4,-2.13,-1.79,-14.06,-4.44,-36.31,0.64,-0.12,0.04,0.04,-6.73,-3.4,-6.5,83.37,73.44,-130.0
2491,44.100457,t,224.0,264.0,223.0,54.0,93.0,214.0,179.0,179.0,9.38,-2.06,-1.93,54.06,-70.0,-27.5,0.63,-0.11,0.04,0.04,-0.11,-3.36,-6.82,82.62,73.19,-133.06
2492,44.120462,t,221.0,275.0,184.0,55.0,112.0,234.0,155.0,176.0,9.33,-2.05,-2.19,-28.62,-80.75,11.94,0.62,-0.12,0.04,0.04,11.81,-21.47,-3.27,82.69,71.44,-137.87
2493,44.140466,t,234.0,227.0,181.0,55.0,116.0,229.0,114.0,170.0,9.28,-2.12,-2.32,-15.13,-1.37,25.19,0.62,-0.12,0.05,0.05,1.49,-13.79,1.87,82.62,71.25,-137.5
2494,44.160471,t,211.0,214.0,198.0,54.0,84.0,182.0,140.0,167.0,9.25,-2.23,-2.34,156.06,-58.63,3.62,0.61,-0.1,0.07,0.07,2.16,13.31,-1.22,76.94,70.25,-135.69
2495,44.180475,t,209.0,214.0,218.0,52.0,82.0,151.0,164.0,196.0,9.22,-2.35,-2.34,170.75,-27.44,-13.75,0.61,-0.08,0.09,0.09,1.62,14.03,-2.45,74.87,70.19,-134.81
2496,44.20048,t,218.0,204.0,231.0,54.0,84.0,156.0,177.0,209.0,9.24,-2.34,-2.27,84.19,-6.69,-32.19,0.61,-0.07,0.09,0.09,0.44,12.0,-2.05,73.06,70.62,-135.19
2497,44.220484,t,215.0,205.0,220.0,57.0,84.0,156.0,153.0,203.0,9.25,-2.19,-2.4,-52.69,-40.25,-57.75,0.61,-0.07,0.08,0.08,3.88,-0.59,-4.16,75.19,70.69,-140.12
2498,44.240489,t,219.0,208.0,182.0,60.0,96.0,158.0,126.0,189.0,9.26,-1.95,-2.53,-66.94,-14.25,-58.81,0.61,-0.07,0.06,0.06,1.26,-2.21,2.8,78.06,71.31,-144.19
2499,44.260493,t,221.0,197.0,176.0,61.0,106.0,154.0,126.0,185.0,9.31,-1.73,-2.52,-31.44,28.94,-33.75,0.61,-0.07,0.05,0.05,-0.65,-2.52,1.8,80.12,72.19,-146.12
2500,44.280498,t,206.0,177.0,185.0,58.0,102.0,142.0,134.0,175.0,9.35,-1.63,-2.44,-1.44,29.87,-23.44,0.61,-0.07,0.05,0.05,-1.83,-3.27,0.44,80.37,72.87,-146.0
2501,44.300502,t,199.0,173.0,191.0,58.0,104.0,146.0,144.0,178.0,9.38,-1.59,-2.34,37.0,21.31,-18.81,0.62,-0.06,0.05,0.05,-3.11,-2.11,-0.64,79.87,73.37,-145.62
2502,44.320507,t,200.0,189.0,186.0,53.0,106.0,165.0,156.0,177.0,9.4,-1.56,-2.29,46.94,-1.31,-19.81,0.62,-0.05,0.06,0.06,-1.79,-3.37,-1.84,79.12,73.62,-145.75
2503,44.340511,t,199.0,194.0,186.0,51.0,110.0,184.0,152.0,163.0,9.41,-1.53,-2.27,48.69,-5.5,-20.69,0.62,-0.05,0.06,0.06,-1.74,-4.12,-2.28,78.31,73.75,-146.19
2504,44.360516,t,194.0,206.0,186.0,53.0,119.0,212.0,148.0,153.0,9.42,-1.48,-2.26,47.38,-4.69,-21.56,0.62,-0.04,0.07,0.07,-3.59,-3.95,-2.01,77.5,73.94,-146.62
2505,44.38052,t,189.0,208.0,182.0,53.0,121.0,216.0,136.0,151.0,9.42,-1.47,-2.26,43.31,-5.44,-18.87,0.62,-0.03,0.07,0.07,-3.71,-3.69,-1.83,76.81,74.0,-146.94
2506,44.400525,t,187.0,199.0,182.0,53.0,110.0,219.0,136.0,150.0,9.42,-1.47,-2.26,30.44,-5.44,-4.81,0.62,-0.03,0.07,0.07,-3.88,-3.3,-0.87,76.12,73.94,-146.69
2507,44.420529,t,185.0,176.0,175.0,53.0,95.0,216.0,138.0,151.0,9.41,-1.53,-2.28,19.69,-9.19,11.88,0.61,-0.03,0.08,0.08,-3.09,-1.21,-0.1,75.37,73.69,-146.0
2508,44.440534,t,174.0,165.0,167.0,51.0,90.0,215.0,136.0,155.0,9.4,-1.56,-2.29,8.94,-13.25,15.75,0.61,-0.03,0.08,0.08,-2.7,-1.25,-1.15,74.87,73.25,-145.5
2509,44.460539,t,167.0,168.0,152.0,51.0,90.0,210.0,132.0,152.0,9.36,-1.66,-2.39,-28.75,-16.44,31.81,0.61,-0.03,0.08,0.08,-3.59,-1.84,-1.03,74.81,72.69,-145.06
2510,44.480543,t,154.0,162.0,134.0,53.0,90.0,188.0,127.0,141.0,9.34,-1.72,-2.42,-30.0,-12.94,40.0,0.61,-0.04,0.08,0.08,-4.47,-1.31,0.36,74.56,71.94,-143.81
2511,44.500548,t,155.0,161.0,136.0,54.0,92.0,189.0,123.0,135.0,9.3,-1.87,-2.47,-6.62,-13.88,64.62,0.6,-0.05,0.09,0.09,-2.93,0.39,0.76,73.69,71.0,-141.69
2512,44.519552,t,136.0,149.0,136.0,49.0,85.0,177.0,112.0,118.0,9.21,-2.21,-2.51,25.19,-6.69,68.69,0.6,-0.06,0.1,0.1,-0.35,2.9,0.93,71.75,70.0,-138.62
2513,44.539556,t,137.0,162.0,152.0,53.0,99.0,190.0,119.0,116.0,9.19,-2.31,-2.5,10.94,12.38,52.0,0.6,-0.07,0.1,0.1,-0.35,0.08,-1.65,70.25,69.37,-135.81
2514,44.559561,t,135.0,177.0,154.0,54.0,113.0,200.0,124.0,109.0,9.16,-2.52,-2.41,-15.0,24.75,37.94,0.6,-0.07,0.11,0.11,-2.88,-3.44,-2.15,69.81,69.12,-133.62
2515,44.580566,t,125.0,177.0,138.0,52.0,117.0,196.0,125.0,104.0,9.15,-2.57,-2.38,-30.75,9.44,43.5,0.61,-0.08,0.11,0.11,-4.15,-4.27,-1.18,69.81,68.69,-132.19
2516,44.60057,t,122.0,167.0,114.0,54.0,120.0,212.0,122.0,98.0,9.11,-2.69,-2.41,-41.25,-7.31,64.56,0.6,-0.09,0.11,0.11,-3.28,-4.49,-1.27,69.62,67.81,-131.25
2517,44.620575,t,112.0,165.0,100.0,53.0,113.0,203.0,117.0,91.0,8.98,-3.04,-2.48,-37.06,-1.25,102.69,0.6,-0.11,0.11,0.11,0.44,-1.41,-0.03,68.56,66.37,-129.25
2518,44.640579,t,100.0,166.0,88.0,53.0,114.0,194.0,113.0,80.0,8.92,-3.2,-2.49,-71.69,20.31,130.31,0.6,-0.13,0.12,0.12,0.05,-3.68,-1.42,67.75,64.62,-126.62
2519,44.660584,t,94.0,158.0,82.0,54.0,120.0,201.0,108.0,71.0,8.68,-3.72,-2.61,-109.25,-5.69,153.31,0.59,-0.16,0.12,0.12,2.94,-8.39,-1.99,67.25,62.31,-125.0
2520,44.680588,t,84.0,135.0,69.0,52.0,109.0,182.0,96.0,62.0,8.56,-3.92,-2.71,-80.06,-31.0,179.81,0.58,-0.2,0.13,0.13,7.14,-5.18,-3.13,65.69,59.19,-124.12
2521,44.700593,t,88.0,120.0,69.0,53.0,112.0,182.0,90.0,66.0,8.12,-4.56,-3.04,-83.0,-44.94,167.44,0.57,-0.23,0.13,0.13,7.27,-0.51,1.3,63.69,55.94,-123.69
2522,44.719597,t,89.0,116.0,68.0,54.0,121.0,204.0,92.0,82.0,7.81,-4.85,-3.39,-77.62,-89.19,123.69,0.55,-0.25,0.14,0.14,12.93,5.78,1.7,61.75,52.81,-124.94
2523,44.739602,t,82.0,114.0,73.0,52.0,127.0,202.0,77.0,89.0,7.69,-4.92,-3.55,-83.75,-66.19,92.81,0.54,-0.27,0.14,0.14,10.95,6.3,-1.71,60.94,50.56,-126.56
2524,44.759606,t,103.0,130.0,78.0,54.0,146.0,214.0,81.0,79.0,7.46,-5.01,-3.91,-83.75,-2.0,44.63,0.53,-0.28,0.13,0.13,4.05,2.4,-0.52,61.81,49.5,-127.94
2525,44.779611,t,95.0,143.0,81.0,53.0,158.0,201.0,90.0,67.0,7.44,-5.02,-3.93,-8.63,23.87,11.75,0.53,-0.29,0.13,0.13,2.61,0.36,2.66,62.63,49.38,-128.06
2526,44.799615,t,80.0,156.0,81.0,50.0,160.0,183.0,96.0,63.0,7.46,-5.06,-3.85,24.69,25.5,10.81,0.54,-0.29,0.13,0.13,-0.44,0.97,4.05,62.63,49.5,-127.25
2527,44.81962,t,77.0,144.0,79.0,45.0,153.0,174.0,103.0,63.0,7.46,-5.16,-3.7,68.06,12.13,7.62,0.54,-0.29,0.14,0.14,-0.76,1.99,2.5,61.25,49.56,-125.62
2528,44.839625,t,75.0,149.0,78.0,46.0,154.0,174.0,112.0,65.0,7.48,-5.22,-3.57,57.69,6.25,-9.75,0.54,-0.28,0.15,0.15,0.82,2.73,1.79,59.94,49.75,-124.37
2529,44.859629,t,74.0,160.0,78.0,46.0,154.0,174.0,115.0,67.0,7.56,-5.2,-3.43,42.13,29.5,-38.88,0.55,-0.27,0.15,0.15,-1.13,2.71,2.31,59.88,50.5,-123.44
2530,44.879633,t,93.0,147.0,67.0,49.0,149.0,162.0,106.0,68.0,7.71,-5.1,-3.25,49.44,37.38,-61.69,0.56,-0.26,0.15,0.15,-2.05,4.92,1.12,60.5,51.81,-122.5
2531,44.899638,t,88.0,144.0,70.0,51.0,144.0,145.0,95.0,73.0,7.87,-4.94,-3.12,2.44,36.5,-70.31,0.57,-0.25,0.14,0.14,-4.24,6.24,0.49,61.88,53.38,-122.25
2532,44.919642,t,69.0,173.0,70.0,50.0,135.0,120.0,92.0,70.0,8.04,-4.69,-3.07,-24.94,30.81,-88.06,0.57,-0.24,0.13,0.13,-3.25,5.26,0.75,64.5,55.06,-123.25
2533,44.939647,t,68.0,206.0,69.0,51.0,123.0,111.0,100.0,72.0,8.23,-4.4,-2.98,-10.31,42.69,-99.56,0.58,-0.23,0.12,0.12,-3.25,3.39,-0.24,67.31,57.13,-124.06
2534,44.959651,t,66.0,201.0,68.0,51.0,112.0,114.0,100.0,84.0,8.42,-4.1,-2.89,-22.25,40.06,-98.62,0.58,-0.22,0.1,0.1,-2.04,-1.81,0.48,70.19,59.19,-125.19
2535,44.979656,t,62.0,177.0,63.0,50.0,94.0,106.0,100.0,82.0,8.59,-3.8,-2.8,-30.12,45.75,-87.25,0.59,-0.21,0.09,0.09,-0.97,-4.9,0.71,73.19,61.13,-126.37
2536,44.999661,t,62.0,165.0,65.0,51.0,82.0,104.0,100.0,82.0,8.73,-3.55,-2.67,2.94,46.31,-78.81,0.6,-0.21,0.08,0.08,-1.03,-5.47,0.19,75.44,62.94,-126.87
2537,45.019665,t,62.0,154.0,73.0,51.0,82.0,97.0,104.0,84.0,8.86,-3.34,-2.5,53.56,34.31,-85.12,0.61,-0.19,0.07,0.07,-1.88,-4.36,-2.18,76.44,64.75,-126.81
2538,45.039669,t,63.0,169.0,80.0,52.0,85.0,92.0,110.0,87.0,8.99,-3.12,-2.36,87.12,15.0,-97.69,0.61,-0.17,0.07,0.07,-0.55,-2.0,-1.04,76.56,66.44,-127.06
2539,45.059674,t,68.0,178.0,81.0,53.0,85.0,92.0,115.0,88.0,9.1,-2.87,-2.22,62.38,21.25,-94.44,0.62,-0.15,0.07,0.07,-2.74,-1.81,1.39,76.87,68.19,-127.69
2540,45.079679,t,74.0,171.0,82.0,52.0,82.0,88.0,116.0,84.0,9.19,-2.66,-2.1,33.75,25.62,-68.12,0.62,-0.14,0.07,0.07,-4.02,-1.61,0.7,77.56,69.69,-128.25
2541,45.099683,t,96.0,179.0,89.0,53.0,84.0,92.0,115.0,88.0,9.24,-2.53,-2.04,-13.0,19.31,-32.19,0.63,-0.13,0.06,0.06,-1.99,-1.04,-0.02,78.5,70.56,-128.75
2542,45.119688,t,107.0,188.0,95.0,52.0,86.0,101.0,117.0,90.0,9.27,-2.46,-2.01,-57.38,24.75,-8.63,0.63,-0.13,0.05,0.05,-2.62,-0.96,0.54,80.06,71.06,-129.19
2543,45.139692,t,124.0,194.0,102.0,52.0,86.0,109.0,119.0,98.0,9.29,-2.41,-1.98,-76.25,29.06,1.19,0.63,-0.14,0.04,0.04,-2.17,-0.86,1.91,81.94,71.44,-129.37
2544,45.159697,t,148.0,190.0,127.0,55.0,86.0,137.0,131.0,113.0,9.31,-2.37,-1.95,-71.06,27.12,2.5,0.63,-0.15,0.03,0.03,-0.51,-1.09,-1.2,83.81,71.75,-129.44
2545,45.180701,t,169.0,191.0,143.0,53.0,80.0,150.0,141.0,126.0,9.33,-2.32,-1.92,-19.62,16.19,-8.56,0.63,-0.15,0.03,0.03,12.02,0.86,-0.83,84.87,72.06,-129.5
2546,45.200706,t,191.0,209.0,163.0,54.0,84.0,176.0,166.0,165.0,9.35,-2.27,-1.86,-37.75,25.56,-12.56,0.64,-0.15,0.02,0.02,1.6,-2.04,-3.33,85.75,72.5,-129.31
2547,45.22071,t,209.0,215.0,178.0,53.0,87.0,195.0,170.0,178.0,9.36,-2.19,-1.88,-27.62,-12.5,-18.56,0.64,-0.16,0.02,0.02,-7.14,-5.78,-8.02,87.06,72.81,-130.56
2548,45.240715,t,204.0,223.0,188.0,52.0,88.0,220.0,166.0,172.0,9.33,-2.18,-2.07,39.25,-77.37,-6.94,0.63,-0.15,0.02,0.02,1.33,-3.69,-8.21,86.25,72.12,-133.44
2549,45.26072,t,207.0,240.0,172.0,56.0,110.0,228.0,155.0,171.0,9.28,-2.21,-2.27,8.75,-57.94,8.56,0.62,-0.15,0.03,0.03,8.3,-10.45,-2.81,85.25,71.12,-135.75
2550,45.280724,t,219.0,214.0,167.0,54.0,109.0,226.0,136.0,167.0,9.22,-2.28,-2.43,-6.69,-41.69,31.19,0.61,-0.16,0.03,0.03,5.88,-11.1,-0.96,84.81,70.06,-136.69
2551,45.300728,t,198.0,186.0,176.0,55.0,82.0,178.0,144.0,164.0,9.17,-2.4,-2.47,125.37,-52.06,6.12,0.61,-0.14,0.05,0.05,2.85,7.25,1.38,81.94,69.31,-135.81
2552,45.319733,t,200.0,182.0,197.0,53.0,82.0,146.0,156.0,197.0,9.13,-2.5,-2.53,148.75,-51.56,-17.62,0.61,-0.13,0.06,0.06,3.35,11.77,-0.32,78.12,68.62,-135.37
2553,45.340737,t,217.0,177.0,207.0,56.0,82.0,139.0,162.0,206.0,9.14,-2.48,-2.54,89.31,-27.06,-40.44,0.6,-0.11,0.07,0.07,4.54,7.1,-1.9,75.94,68.75,-135.62
2554,45.359742,t,219.0,189.0,197.0,60.0,86.0,149.0,146.0,198.0,9.15,-2.34,-2.62,-21.87,-26.69,-48.63,0.6,-0.1,0.07,0.07,4.61,2.13,-1.1,76.62,69.0,-138.19
2555,45.380747,t,219.0,203.0,184.0,60.0,96.0,159.0,122.0,186.0,9.19,-2.11,-2.67,-55.75,2.06,-59.31,0.6,-0.1,0.06,0.06,3.0,0.79,1.8,78.87,69.56,-141.69
2556,45.399751,t,221.0,188.0,190.0,60.0,101.0,151.0,122.0,180.0,9.25,-1.89,-2.62,-57.25,38.13,-49.5,0.61,-0.1,0.04,0.04,-1.5,-2.83,0.69,81.62,70.69,-144.25
2557,45.420757,t,206.0,182.0,190.0,58.0,98.0,139.0,133.0,178.0,9.31,-1.74,-2.5,-9.0,40.5,-34.94,0.61,-0.1,0.04,0.04,-2.77,-2.82,-0.48,83.19,71.81,-145.06
2558,45.43976,t,207.0,177.0,190.0,58.0,97.0,142.0,135.0,180.0,9.36,-1.66,-2.39,14.19,30.87,-27.06,0.61,-0.09,0.03,0.03,-4.03,-1.64,-1.37,83.62,72.69,-145.12
2559,45.460765,t,204.0,184.0,188.0,57.0,100.0,152.0,134.0,175.0,9.39,-1.59,-2.33,11.13,11.38,-26.06,0.62,-0.09,0.03,0.03,-3.19,-1.67,-1.55,83.87,73.25,-145.62
2560,45.480769,t,198.0,186.0,175.0,53.0,102.0,166.0,127.0,167.0,9.4,-1.51,-2.32,2.25,-0.81,-23.69,0.62,-0.09,0.03,0.03,-1.58,-3.47,-1.52,84.25,73.5,-146.87
2561,45.499774,t,186.0,190.0,167.0,52.0,112.0,182.0,122.0,154.0,9.41,-1.45,-2.31,3.5,6.44,-19.44,0.62,-0.08,0.03,0.03,-2.49,-4.93,-1.51,84.62,73.81,-147.81
2562,45.519778,t,175.0,196.0,158.0,54.0,115.0,198.0,120.0,140.0,9.43,-1.42,-2.27,15.38,11.19,-9.56,0.62,-0.08,0.03,0.03,-4.61,-6.27,-1.61,84.62,74.12,-147.94
2563,45.540782,t,168.0,196.0,158.0,53.0,118.0,212.0,118.0,127.0,9.44,-1.43,-2.23,25.19,7.37,2.5,0.62,-0.08,0.03,0.03,-5.25,-6.38,-1.65,84.06,74.25,-147.19
2564,45.559787,t,167.0,184.0,162.0,53.0,106.0,212.0,123.0,126.0,9.43,-1.5,-2.21,31.75,-2.19,19.06,0.62,-0.08,0.04,0.04,-4.49,-3.98,-0.16,83.06,74.12,-145.69
2565,45.579792,t,160.0,160.0,163.0,52.0,95.0,205.0,129.0,130.0,9.41,-1.62,-2.21,49.38,-8.94,28.12,0.62,-0.08,0.05,0.05,-4.08,-1.69,-1.09,81.37,73.69,-143.62
2566,45.599796,t,152.0,170.0,155.0,52.0,96.0,198.0,131.0,130.0,9.38,-1.74,-2.22,33.25,-10.25,25.56,0.62,-0.08,0.06,0.06,-4.17,-1.75,-2.73,79.81,73.19,-141.87
2567,45.619801,t,145.0,175.0,137.0,53.0,94.0,179.0,130.0,121.0,9.36,-1.83,-2.25,-7.06,-11.94,28.69,0.62,-0.08,0.06,0.06,-4.85,-2.18,0.44,79.19,72.69,-140.87
2568,45.639805,t,143.0,158.0,130.0,54.0,93.0,175.0,127.0,120.0,9.32,-1.93,-2.33,-30.69,-20.69,39.69,0.61,-0.09,0.06,0.06,-4.04,-0.57,0.2,79.06,71.94,-140.37
2569,45.65981,t,134.0,152.0,124.0,53.0,90.0,175.0,121.0,117.0,9.27,-2.07,-2.4,-13.38,-15.56,51.5,0.61,-0.1,0.06,0.06,-2.3,2.18,-0.7,77.94,70.62,-138.25
2570,45.679814,t,118.0,153.0,118.0,52.0,89.0,166.0,106.0,107.0,9.23,-2.24,-2.43,-16.31,0.69,60.5,0.61,-0.1,0.07,0.07,-1.58,0.58,-0.9,77.56,70.25,-137.19
2571,45.699819,t,116.0,164.0,107.0,54.0,97.0,173.0,103.0,99.0,9.18,-2.43,-2.41,-38.94,14.75,70.31,0.61,-0.12,0.07,0.07,-1.92,-1.98,-0.64,76.94,69.06,-133.56
2572,45.719823,t,112.0,158.0,97.0,52.0,100.0,169.0,105.0,93.0,9.12,-2.63,-2.42,-59.94,10.94,80.31,0.61,-0.13,0.07,0.07,-1.61,-3.48,-0.67,76.94,68.5,-132.56
2573,45.739828,t,107.0,162.0,98.0,52.0,95.0,170.0,110.0,84.0,9.04,-2.87,-2.46,-41.63,1.87,94.0,0.61,-0.16,0.08,0.08,1.61,-4.36,-0.89,76.44,67.25,-130.5
2574,45.759833,t,97.0,163.0,96.0,53.0,96.0,170.0,114.0,74.0,8.93,-3.17,-2.48,-22.75,-0.31,107.31,0.6,-0.17,0.08,0.08,4.41,-4.6,-1.18,74.12,64.81,-126.62
2575,45.779837,t,89.0,155.0,91.0,53.0,100.0,159.0,104.0,63.0,8.8,-3.52,-2.48,-22.44,13.06,121.56,0.6,-0.19,0.09,0.09,5.43,-5.75,-3.12,73.25,63.88,-125.19
2576,45.799842,t,85.0,144.0,78.0,53.0,109.0,150.0,94.0,63.0,8.65,-3.87,-2.49,-24.87,1.94,123.19,0.6,-0.21,0.1,0.1,4.83,-2.98,-0.96,70.5,60.88,-122.12
2577,45.819846,t,86.0,116.0,66.0,53.0,112.0,146.0,83.0,66.0,8.46,-4.2,-2.61,-24.5,-38.06,120.25,0.59,-0.23,0.11,0.11,4.47,-1.54,0.0,69.37,59.63,-121.81
2578,45.83985,t,86.0,112.0,69.0,55.0,124.0,152.0,88.0,74.0,8.22,-4.54,-2.78,-19.69,-55.19,127.12,0.58,-0.25,0.13,0.13,7.07,3.7,-0.32,66.75,57.0,-121.5
2579,45.859855,t,89.0,112.0,77.0,54.0,139.0,164.0,88.0,85.0,8.0,-4.77,-3.03,-61.19,-59.25,82.5,0.57,-0.26,0.12,0.12,5.24,1.04,-0.22,65.25,54.06,-123.06
2580,45.87986,t,91.0,122.0,80.0,53.0,154.0,178.0,94.0,75.0,7.88,-4.85,-3.22,-87.56,-5.69,62.69,0.56,-0.28,0.12,0.12,4.0,0.57,-1.32,65.62,53.5,-123.5
2581,45.899864,t,96.0,141.0,82.0,54.0,168.0,191.0,102.0,71.0,7.78,-4.92,-3.35,-49.75,-17.25,42.94,0.56,-0.29,0.12,0.12,4.32,0.78,2.06,65.87,52.19,-124.56
2582,45.919869,t,95.0,146.0,79.0,47.0,171.0,189.0,105.0,67.0,7.73,-4.95,-3.43,-22.81,-5.62,20.44,0.56,-0.29,0.12,0.12,2.12,-1.62,3.53,65.87,52.0,-124.69
2583,45.939873,t,88.0,145.0,78.0,46.0,171.0,178.0,107.0,66.0,7.71,-5.01,-3.38,57.31,-2.19,2.69,0.56,-0.28,0.13,0.13,0.82,-0.69,3.43,63.94,51.94,-123.19
2584,45.959878,t,83.0,142.0,75.0,50.0,159.0,170.0,106.0,63.0,7.73,-5.09,-3.22,90.0,7.0,-14.25,0.57,-0.27,0.14,0.14,-1.22,3.2,1.59,62.38,52.38,-121.37
2585,45.979882,t,78.0,148.0,74.0,50.0,149.0,157.0,106.0,66.0,7.8,-5.11,-3.01,85.37,20.5,-30.37,0.57,-0.26,0.15,0.15,-1.87,4.69,1.19,61.56,53.13,-119.81
2586,45.999887,t,82.0,178.0,75.0,51.0,146.0,152.0,109.0,66.0,7.9,-5.05,-2.86,29.81,8.81,-59.5,0.58,-0.25,0.14,0.14,-3.76,8.59,0.92,61.94,54.19,-119.5
2587,46.019891,t,102.0,151.0,71.0,50.0,137.0,146.0,101.0,62.0,8.01,-4.9,-2.8,19.37,4.37,-67.5,0.58,-0.24,0.14,0.14,-3.56,7.38,1.58,63.06,55.44,-120.0
2588,46.039896,t,92.0,174.0,76.0,51.0,136.0,138.0,87.0,65.0,8.15,-4.7,-2.76,-0.81,12.88,-78.87,0.59,-0.23,0.13,0.13,-3.33,5.6,3.46,64.94,57.0,-121.0
2589,46.0599,t,77.0,206.0,82.0,52.0,127.0,130.0,98.0,65.0,8.3,-4.44,-2.72,11.31,25.62,-98.69,0.59,-0.22,0.12,0.12,-3.45,2.27,1.41,66.94,58.81,-121.87
2590,46.079906,t,78.0,214.0,75.0,50.0,115.0,126.0,94.0,63.0,8.48,-4.16,-2.61,19.37,36.19,-100.19,0.6,-0.2,0.11,0.11,-4.37,1.04,1.26,69.0,60.88,-122.44
2591,46.099909,t,66.0,198.0,70.0,50.0,104.0,120.0,95.0,78.0,8.64,-3.87,-2.53,-34.06,25.87,-93.06,0.6,-0.19,0.1,0.1,-1.58,-3.29,0.52,71.69,62.69,-124.0
2592,46.119914,t,63.0,181.0,63.0,50.0,88.0,112.0,102.0,82.0,8.78,-3.57,-2.48,-39.5,35.25,-90.25,0.61,-0.18,0.08,0.08,-1.67,-3.97,0.09,74.62,64.56,-125.44
2593,46.139918,t,66.0,167.0,65.0,52.0,85.0,98.0,107.0,86.0,8.92,-3.3,-2.38,-0.75,36.56,-81.94,0.61,-0.17,0.07,0.07,-1.88,-4.03,-0.9,76.12,66.19,-126.12
2594,46.159923,t,66.0,176.0,68.0,52.0,82.0,100.0,116.0,94.0,9.07,-2.97,-2.23,65.81,5.94,-85.87,0.62,-0.15,0.07,0.07,-1.9,-4.15,-2.67,76.44,67.62,-126.87
2595,46.179929,t,63.0,191.0,70.0,51.0,82.0,99.0,120.0,94.0,9.11,-2.86,-2.2,61.75,-0.13,-89.75,0.62,-0.14,0.07,0.07,-1.65,-3.79,-1.49,76.87,69.0,-128.56
2596,46.199932,t,67.0,201.0,74.0,52.0,84.0,106.0,118.0,95.0,9.21,-2.55,-2.17,33.88,-2.19,-62.56,0.62,-0.12,0.07,0.07,-1.09,-3.43,-0.75,77.37,70.0,-130.37
2597,46.219936,t,62.0,203.0,83.0,52.0,84.0,106.0,119.0,91.0,9.24,-2.48,-2.14,30.19,8.81,-46.25,0.62,-0.12,0.07,0.07,-1.96,-0.49,1.14,77.62,70.75,-130.75
2598,46.239941,t,94.0,254.0,92.0,52.0,86.0,113.0,125.0,91.0,9.27,-2.41,-2.08,-13.44,12.19,-17.06,0.62,-0.12,0.06,0.06,-0.96,0.83,1.73,78.25,71.19,-131.06
2599,46.259946,t,139.0,266.0,117.0,53.0,86.0,139.0,134.0,109.0,9.3,-2.29,-2.07,-25.5,2.37,-23.25,0.63,-0.12,0.06,0.06,2.24,-0.61,-2.37,79.25,71.56,-132.06
2600,46.279951,t,171.0,289.0,137.0,54.0,86.0,171.0,153.0,138.0,9.31,-2.25,-2.08,1.37,-8.25,-26.56,0.62,-0.11,0.06,0.06,12.53,0.57,0.74,79.62,71.81,-133.37
2601,46.299955,t,189.0,293.0,152.0,54.0,86.0,184.0,174.0,155.0,9.34,-2.11,-2.1,-106.94,22.0,-11.94,0.63,-0.12,0.04,0.04,0.48,-6.58,-5.08,81.87,72.25,-134.69
2602,46.319959,t,198.0,262.0,165.0,51.0,98.0,186.0,162.0,159.0,9.34,-2.06,-2.12,-92.25,7.69,-10.88,0.62,-0.12,0.04,0.04,-7.12,-7.94,-6.15,83.5,72.31,-136.5
2603,46.339963,t,200.0,246.0,174.0,54.0,92.0,184.0,154.0,158.0,9.32,-2.03,-2.22,50.44,-73.81,-9.75,0.62,-0.12,0.04,0.04,2.48,-0.74,-2.1,82.44,71.56,-138.69
2604,46.359968,t,200.0,231.0,173.0,54.0,88.0,184.0,156.0,165.0,9.27,-2.05,-2.45,19.19,-34.75,-4.31,0.61,-0.11,0.05,0.05,7.95,-1.81,-0.57,81.44,70.94,-140.06
2605,46.379973,t,204.0,218.0,167.0,53.0,106.0,191.0,158.0,174.0,9.25,-2.05,-2.49,-19.31,-12.69,19.56,0.61,-0.12,0.05,0.05,10.34,-6.21,-2.47,81.44,70.5,-140.5
2606,46.399977,t,205.0,214.0,175.0,54.0,107.0,191.0,147.0,170.0,9.24,-2.12,-2.49,47.56,-2.62,-0.62,0.61,-0.11,0.05,0.05,-0.27,-1.12,-1.73,80.75,70.44,-139.56
2607,46.419982,t,188.0,210.0,171.0,51.0,91.0,160.0,141.0,153.0,9.23,-2.14,-2.51,81.19,-28.44,-11.19,0.61,-0.1,0.06,0.06,-0.14,2.05,0.28,78.81,70.12,-139.69
2608,46.439986,t,187.0,191.0,176.0,52.0,85.0,141.0,149.0,156.0,9.2,-2.18,-2.59,60.56,-29.62,-6.12,0.6,-0.1,0.07,0.07,0.07,4.38,-1.24,77.19,69.75,-139.87
2609,46.45999,t,186.0,182.0,181.0,53.0,85.0,133.0,156.0,166.0,9.18,-2.2,-2.61,50.31,-16.12,-7.94,0.6,-0.09,0.07,0.07,0.19,5.57,-2.76,75.81,69.56,-139.75
2610,46.480996,t,191.0,177.0,180.0,54.0,84.0,128.0,161.0,168.0,9.18,-2.2,-2.62,8.5,-16.12,-23.37,0.6,-0.08,0.08,0.08,1.83,2.92,-3.0,75.56,69.56,-140.69
2611,46.5,t,201.0,175.0,166.0,56.0,89.0,134.0,160.0,172.0,9.2,-2.02,-2.71,-42.19,-10.25,-38.75,0.6,-0.08,0.07,0.07,1.02,-0.31,-1.89,77.0,69.75,-143.19
2612,46.520004,t,198.0,168.0,155.0,53.0,94.0,140.0,141.0,169.0,9.21,-1.94,-2.73,-45.06,-7.12,-38.38,0.6,-0.08,0.06,0.06,-1.52,-3.27,-0.03,78.94,70.12,-146.06
2613,46.540009,t,196.0,166.0,145.0,53.0,104.0,152.0,138.0,166.0,9.23,-1.72,-2.8,-22.75,-6.0,-30.44,0.6,-0.08,0.05,0.05,-2.94,-4.64,0.28,80.31,70.37,-148.37
2614,46.560013,t,186.0,156.0,139.0,54.0,109.0,157.0,134.0,157.0,9.24,-1.66,-2.82,12.0,-10.63,-14.94,0.59,-0.08,0.05,0.05,-4.16,-3.74,1.99,80.56,70.37,-149.44
2615,46.580018,t,166.0,152.0,144.0,52.0,107.0,174.0,129.0,149.0,9.23,-1.67,-2.84,47.75,-9.69,3.37,0.59,-0.07,0.05,0.05,-3.84,-1.71,-0.22,79.5,70.19,-149.06
2616,46.600022,t,159.0,163.0,148.0,53.0,109.0,187.0,136.0,131.0,9.21,-1.78,-2.82,54.88,-4.37,10.94,0.59,-0.07,0.06,0.06,-3.15,-1.11,0.49,77.81,70.0,-147.62
2617,46.620027,t,150.0,172.0,142.0,52.0,111.0,200.0,129.0,120.0,9.2,-1.87,-2.79,28.37,3.56,18.75,0.59,-0.07,0.07,0.07,-3.18,-2.34,0.16,76.56,69.87,-146.12
2618,46.640031,t,150.0,182.0,140.0,53.0,118.0,210.0,130.0,114.0,9.19,-1.95,-2.77,-1.94,5.69,25.44,0.59,-0.07,0.07,0.07,-4.56,-4.36,-0.65,76.0,69.69,-144.81
2619,46.660037,t,146.0,184.0,132.0,54.0,115.0,210.0,130.0,111.0,9.17,-2.04,-2.78,-7.31,-2.12,33.38,0.59,-0.08,0.07,0.07,-3.94,-0.94,1.42,75.62,69.31,-143.56
2620,46.68004,t,136.0,169.0,133.0,52.0,95.0,201.0,132.0,112.0,9.14,-2.17,-2.8,-1.31,-7.37,43.06,0.59,-0.08,0.08,0.08,-0.82,1.32,1.58,74.81,68.75,-142.19
2621,46.699045,t,130.0,130.0,135.0,52.0,93.0,191.0,152.0,124.0,9.11,-2.29,-2.78,-4.0,14.81,34.75,0.59,-0.09,0.08,0.08,-1.49,0.85,-0.28,74.19,68.37,-140.5
2622,46.720049,t,130.0,140.0,117.0,51.0,100.0,207.0,144.0,121.0,9.12,-2.34,-2.72,-34.63,26.62,19.62,0.6,-0.09,0.08,0.08,-3.42,-1.34,-2.96,74.56,68.5,-139.31
2623,46.740054,t,120.0,158.0,106.0,54.0,114.0,219.0,130.0,104.0,9.12,-2.37,-2.7,-61.0,16.0,30.5,0.6,-0.1,0.08,0.08,-4.11,-5.05,-3.09,75.56,68.44,-138.75
2624,46.760059,t,125.0,188.0,104.0,50.0,124.0,223.0,130.0,96.0,9.08,-2.45,-2.73,-76.94,6.12,58.19,0.6,-0.12,0.07,0.07,-4.34,-6.44,-0.75,76.56,67.94,-138.06
2625,46.780063,t,113.0,171.0,101.0,45.0,114.0,205.0,132.0,84.0,9.01,-2.7,-2.75,-6.56,1.31,99.69,0.59,-0.13,0.08,0.08,0.38,-2.42,1.91,75.5,66.75,-135.5
2626,46.799067,t,96.0,153.0,102.0,48.0,119.0,202.0,132.0,82.0,8.87,-3.12,-2.75,-10.56,8.31,144.69,0.59,-0.15,0.09,0.09,1.45,-2.7,1.08,72.94,64.87,-131.31
2627,46.819072,t,78.0,125.0,93.0,51.0,117.0,195.0,122.0,80.0,8.73,-3.52,-2.71,-40.56,26.44,138.06,0.59,-0.17,0.1,0.1,3.48,-4.89,-3.37,71.25,63.0,-127.56
2628,46.840077,t,84.0,130.0,82.0,54.0,121.0,196.0,113.0,72.0,8.57,-3.88,-2.74,-77.12,13.13,145.25,0.59,-0.2,0.1,0.1,3.77,-5.32,-4.62,70.25,60.94,-125.19
2629,46.859081,t,88.0,125.0,66.0,52.0,120.0,196.0,102.0,66.0,8.35,-4.22,-2.92,-102.37,-28.44,152.06,0.58,-0.23,0.11,0.11,3.98,-4.72,1.35,69.37,58.38,-124.62
2630,46.880086,t,89.0,125.0,62.0,54.0,127.0,187.0,93.0,72.0,8.04,-4.57,-3.25,-82.75,-78.12,153.94,0.57,-0.26,0.11,0.11,8.68,0.09,1.94,67.56,55.06,-125.44
2631,46.89909,t,88.0,121.0,72.0,54.0,135.0,205.0,98.0,87.0,7.74,-4.84,-3.55,-69.94,-58.94,121.19,0.55,-0.28,0.12,0.12,12.1,7.32,1.97,65.75,52.19,-126.25
2632,46.919095,t,83.0,110.0,67.0,53.0,142.0,206.0,84.0,92.0,7.59,-4.93,-3.76,-86.87,-10.69,55.38,0.54,-0.3,0.12,0.12,9.83,8.32,-1.24,65.94,50.75,-127.31
2633,46.940099,t,91.0,119.0,77.0,55.0,160.0,212.0,88.0,82.0,7.58,-4.89,-3.83,-53.81,20.37,11.5,0.54,-0.31,0.11,0.11,4.22,1.48,-2.26,67.5,50.63,-128.06
2634,46.959104,t,87.0,142.0,82.0,54.0,173.0,214.0,95.0,69.0,7.61,-4.89,-3.76,17.31,29.12,-0.44,0.54,-0.31,0.11,0.11,2.28,1.7,0.32,67.87,50.94,-127.5
2635,46.979108,t,83.0,165.0,83.0,50.0,178.0,208.0,105.0,63.0,7.64,-4.96,-3.61,53.0,23.56,4.19,0.55,-0.3,0.11,0.11,0.03,1.58,3.12,67.06,51.19,-126.0
2636,46.999113,t,79.0,174.0,80.0,46.0,174.0,198.0,116.0,63.0,7.67,-5.04,-3.44,77.5,14.31,-6.75,0.56,-0.3,0.12,0.12,-1.64,2.37,2.96,65.62,51.44,-124.25
